QUERY,
关于幽冥之刃的“恶怨亡魂”技能：当幽冥之刃单位中的模型被近战攻击消灭时，其如何进行反击？,
关于凶暴复仇者的“剑刃风暴”技能：此技能的效果是什么？,
凯恩化身的“熔岩身躯”技能有什么效果？,
狂嚎女妖的“身手矫健”技能有什么效果？,
猎鹰坦克完成射击后，其“火力支援”技能有什么效果？,
猩红猎手的“苍穹猎手”技能对飞行单位攻击时有什么特殊加成？,
御风者单位的“破灭疾风”技能具体效果是什么？,
翔空司战的“不屈意志”技能有什么效果？,
灵魂先知的“灵魂印记”技能有什么效果？,
烈焰火龙的“灰飞烟灭”技能有什么作用？,
暗影先知的“梦境迷雾（灵能）”技能有什么效果？,
织星者飞艇的“快速上车”技能有什么效果？,
突击蝎的“战蝎激光”技能效果是什么？,
幽冥领主的“宿命英雄”技能效果是什么？,
猩红猎手的“苍穹猎手”技能有什么特殊加成？,
狂嚎女妖的“身手矫健”技能有什么效果？,
灵魂先知的“伊莎之泪（灵能）”技能有什么效果？,