query,,
丑角有多少个不同的单位,List,
艾达灵族有多少专属载具,List,
除了司战（Autarch），艾达灵族还有哪些人物模型可以装备死亡纺织者（Death Spinner）？,List,
艾达灵族有哪些单位可以使用手雷技能,List,
艾达灵族有哪些骑乘单位,List,
艾达灵族有哪些灵能者人物,List,
艾达灵族有哪些凤凰领主,List,
艾达灵族有哪些支派武士,List,
艾达灵族有哪些飞行步兵,List,
艾达灵族有哪些巨兽单位,List,
艾达灵族军队中有哪些武器拥有[洪流]（Torrent）技能？,List,
除了司战（Autarch），艾达灵族还有哪些人物模型可以装备死亡纺织者（Death Spinner）？,List,
钢铁军团有哪些近战步兵单位,List,
暴风骑士团有多少专属近战武器,List,
除了第一团长外，钢铁军团还有哪些人物可以使用战锤？,List,
灵族中有哪些单位可以进行远程打击,List,
混沌骑士团有哪些能够飞行的骑乘单位,List,
帝国有哪些类型的防御工事,List,
泰伦虫群中有哪些能使用生化武器的单位,List,
纯净分支有多少种精英单位,List,
血天使中有哪些炸药技能,List,
除了标准重步兵，死灵军团还拥有哪些重装单位？,List,
混沌军团有哪些英雄模型,List,
太空狼有哪些可以投掷武器,List,
审判庭中的审判官有哪些专属武器,List,
黑暗天使有哪些能够隐形的单位,List,
除了主要领袖外，审判庭中还有哪些人物模型？,List,
帝国守卫中有哪些载具可装备额外武器,List,
机甲军中有哪些装甲步兵单位,List,
拉埃尔族有哪些灵能能力,List,
混沌猪骑有哪些特殊战吼技能,List,
帝国飞行部队有哪些战机型号,List,
混沌风暴分支有哪些单位可以使用致盲武器,List,
泰伦虫群有哪些适合突袭的近战单位,List,
艾达灵族中除了凤凰领主，还有哪些高阶指挥官？,List,
混沌星际战士有哪些可以召唤混沌生物的单位,List,
太空战斗机中有哪些携带导弹的型号,List,
帝国坦克有哪些可以使用等离子炮,List,
混沌领主有哪些增强护甲的法术,List,
灵能学院中有哪些人物模型可以施放恢复法术,List,