{
    "summary_metrics": {
        "frame_accuracy": 0.0,
        "intent_accuracy": 0.8809523809523809,
        "slot_f1_report": {
            "ACTION": {
                "precision": 0.375,
                "recall": 0.15789473684210525,
                "f1-score": 0.22222222222222218,
                "support": 38
            },
            "ATTR": {
                "precision": 0.0,
                "recall": 0.0,
                "f1-score": 0.0,
                "support": 15
            },
            "BOOL": {
                "precision": 0.6428571428571429,
                "recall": 0.5,
                "f1-score": 0.5625000000000001,
                "support": 18
            },
            "COMPARE": {
                "precision": 0.6666666666666666,
                "recall": 0.3333333333333333,
                "f1-score": 0.4444444444444444,
                "support": 6
            },
            "COMPARE_WITH": {
                "precision": 0.0,
                "recall": 0.0,
                "f1-score": 0.0,
                "support": 0
            },
            "CONDITION": {
                "precision": 0.16666666666666666,
                "recall": 0.08333333333333333,
                "f1-score": 0.1111111111111111,
                "support": 12
            },
            "FACTION": {
                "precision": 0.8333333333333334,
                "recall": 0.25,
                "f1-score": 0.3846153846153846,
                "support": 20
            },
            "HAVE": {
                "precision": 0.7333333333333333,
                "recall": 0.6111111111111112,
                "f1-score": 0.6666666666666666,
                "support": 18
            },
            "HOWMANY": {
                "precision": 0.5263157894736842,
                "recall": 0.8333333333333334,
                "f1-score": 0.6451612903225806,
                "support": 12
            },
            "NEGATIVE": {
                "precision": 0.0,
                "recall": 0.0,
                "f1-score": 0.0,
                "support": 1
            },
            "NUMBER": {
                "precision": 0.0,
                "recall": 0.0,
                "f1-score": 0.0,
                "support": 8
            },
            "PASSIVE": {
                "precision": 1.0,
                "recall": 0.5,
                "f1-score": 0.6666666666666666,
                "support": 2
            },
            "PHASE": {
                "precision": 1.0,
                "recall": 0.2,
                "f1-score": 0.33333333333333337,
                "support": 10
            },
            "RESULT": {
                "precision": 0.0,
                "recall": 0.0,
                "f1-score": 0.0,
                "support": 9
            },
            "SKILL": {
                "precision": 0.0,
                "recall": 0.0,
                "f1-score": 0.0,
                "support": 21
            },
            "SKILL_TYPE": {
                "precision": 1.0,
                "recall": 0.35294117647058826,
                "f1-score": 0.5217391304347826,
                "support": 17
            },
            "TERM": {
                "precision": 1.0,
                "recall": 0.07692307692307693,
                "f1-score": 0.14285714285714288,
                "support": 13
            },
            "THRESHOLD": {
                "precision": 0.0,
                "recall": 0.0,
                "f1-score": 0.0,
                "support": 0
            },
            "UNIT": {
                "precision": 0.4090909090909091,
                "recall": 0.16071428571428573,
                "f1-score": 0.23076923076923078,
                "support": 56
            },
            "UNIT_KWS": {
                "precision": 0.0,
                "recall": 0.0,
                "f1-score": 0.0,
                "support": 2
            },
            "UNIT_TYPE": {
                "precision": 0.0,
                "recall": 0.0,
                "f1-score": 0.0,
                "support": 2
            },
            "WEAPON": {
                "precision": 0.2,
                "recall": 0.07692307692307693,
                "f1-score": 0.1111111111111111,
                "support": 13
            },
            "WEAPON_KWS": {
                "precision": 0.0,
                "recall": 0.0,
                "f1-score": 0.0,
                "support": 4
            },
            "WHAT": {
                "precision": 0.0,
                "recall": 0.0,
                "f1-score": 0.0,
                "support": 6
            },
            "WHEN": {
                "precision": 0.5,
                "recall": 0.2857142857142857,
                "f1-score": 0.36363636363636365,
                "support": 14
            },
            "WHICH": {
                "precision": 0.6666666666666666,
                "recall": 0.25,
                "f1-score": 0.36363636363636365,
                "support": 8
            },
            "micro avg": {
                "precision": 0.45454545454545453,
                "recall": 0.2153846153846154,
                "f1-score": 0.2922755741127349,
                "support": 325
            },
            "macro avg": {
                "precision": 0.3738434810803231,
                "recall": 0.17970083652686655,
                "f1-score": 0.22194117160874632,
                "support": 325
            },
            "weighted avg": {
                "precision": 0.4549117198590883,
                "recall": 0.2153846153846154,
                "f1-score": 0.27004487301337016,
                "support": 325
            }
        }
    },
    "per_sample_results": [
        {
            "text": "死亡守卫的哪些单位有斥候关键字",
            "true_intent": "List",
            "pred_intent": "List",
            "true_slots": [
                "B-FACTION",
                "O",
                "B-WHICH",
                "B-UNIT",
                "B-HAVE",
                "B-SKILL",
                "B-SKILL_TYPE"
            ],
            "pred_slots": [
                "B-FACTION",
                "O",
                "B-HOWMANY",
                "B-UNIT",
                "B-HAVE",
                "B-RESULT",
                "I-RESULT"
            ],
            "intent_confidences": {
                "Compare": 9.222360130228975e-05,
                "List": 0.9901652522167486,
                "NON40K": 0.0003110003549167731,
                "Query": 0.009349866225923438,
                "Rule": 8.165760110903858e-05
            }
        },
        {
            "text": "太空死灵有哪些单位可以被死灵霸主领导",
            "true_intent": "List",
            "pred_intent": "List",
            "true_slots": [
                "B-FACTION",
                "B-HAVE",
                "B-WHICH",
                "B-UNIT_TYPE",
                "O",
                "B-PASSIVE",
                "B-UNIT",
                "B-ACTION"
            ],
            "pred_slots": [
                "O",
                "B-HAVE",
                "B-HOWMANY",
                "B-UNIT",
                "B-BOOL",
                "B-PASSIVE",
                "B-ACTION",
                "I-ACTION"
            ],
            "intent_confidences": {
                "Compare": 3.152167870773092e-05,
                "List": 0.9959271185818968,
                "NON40K": 5.398661558572182e-05,
                "Query": 0.0037337104312114657,
                "Rule": 0.0002536626925982578
            }
        },
        {
            "text": "吞世者军团的狂战士有哪些能力?",
            "true_intent": "List",
            "pred_intent": "List",
            "true_slots": [
                "B-FACTION",
                "I-FACTION",
                "O",
                "B-UNIT",
                "B-HAVE",
                "B-HOWMANY",
                "B-SKILL",
                "O"
            ],
            "pred_slots": [
                "B-UNIT",
                "I-UNIT",
                "O",
                "O",
                "B-HAVE",
                "B-HOWMANY",
                "B-BOOL",
                "O"
            ],
            "intent_confidences": {
                "Compare": 0.0008893092757973819,
                "List": 0.9798632743393301,
                "NON40K": 0.0007447671633868428,
                "Query": 0.017790221015373923,
                "Rule": 0.0007124282061117265
            }
        },
        {
            "text": "艾达灵族的战火军阵分队规则是什么?",
            "true_intent": "Query",
            "pred_intent": "Query",
            "true_slots": [
                "B-FACTION",
                "O",
                "B-TERM",
                "B-TERM",
                "B-RESULT",
                "I-RESULT",
                "O"
            ],
            "pred_slots": [
                "B-FACTION",
                "O",
                "O",
                "O",
                "O",
                "B-HOWMANY",
                "O"
            ],
            "intent_confidences": {
                "Compare": 0.005217128553825393,
                "List": 0.004218328662982286,
                "NON40K": 0.012088188008128707,
                "Query": 0.5288973820963748,
                "Rule": 0.44957897267868874
            }
        },
        {
            "text": "战斗修女的军队规则是什么?",
            "true_intent": "Query",
            "pred_intent": "Query",
            "true_slots": [
                "B-FACTION",
                "O",
                "B-TERM",
                "B-RESULT",
                "I-RESULT",
                "O"
            ],
            "pred_slots": [
                "B-UNIT",
                "O",
                "O",
                "O",
                "B-HOWMANY",
                "O"
            ],
            "intent_confidences": {
                "Compare": 0.02488489972660883,
                "List": 0.0024117312829942204,
                "NON40K": 0.03874527348742221,
                "Query": 0.7932708534647497,
                "Rule": 0.14068724203822508
            }
        },
        {
            "text": "在近战阶段开始的时候, 伊芙蕾尼可以使用哪些能力?",
            "true_intent": "Rule",
            "pred_intent": "Rule",
            "true_slots": [
                "B-WHEN",
                "B-PHASE",
                "B-CONDITION",
                "I-CONDITION",
                "I-CONDITION",
                "O",
                "B-UNIT",
                "B-BOOL",
                "B-ACTION",
                "B-HOWMANY",
                "B-SKILL_TYPE",
                "O"
            ],
            "pred_slots": [
                "B-WHEN",
                "B-PHASE",
                "B-CONDITION",
                "I-CONDITION",
                "I-CONDITION",
                "O",
                "O",
                "O",
                "B-ACTION",
                "B-HOWMANY",
                "I-HOWMANY",
                "I-BOOL"
            ],
            "intent_confidences": {
                "Compare": 0.0023767307678443502,
                "List": 0.13122688167678725,
                "NON40K": 0.0009631193134679708,
                "Query": 0.2243733436857039,
                "Rule": 0.6410599245561965
            }
        },
        {
            "text": "艾达灵族光矛的 S 值和死亡守卫死亡寿衣终结者的 T 值哪个更高?",
            "true_intent": "Compare",
            "pred_intent": "Compare",
            "true_slots": [
                "B-FACTION",
                "B-WEAPON",
                "O",
                "B-ATTR",
                "I-ATTR",
                "O",
                "B-FACTION",
                "B-UNIT",
                "I-UNIT",
                "O",
                "B-ATTR",
                "I-ATTR",
                "B-WHICH",
                "B-COMPARE",
                "I-COMPARE",
                "O"
            ],
            "pred_slots": [
                "O",
                "O",
                "O",
                "O",
                "O",
                "O",
                "B-COMPARE_WITH",
                "I-FACTION",
                "B-UNIT",
                "I-UNIT",
                "I-UNIT",
                "O",
                "B-ATTR",
                "I-ATTR",
                "I-ATTR",
                "O"
            ],
            "intent_confidences": {
                "Compare": 0.9943193515457964,
                "List": 0.0003487690032538566,
                "NON40K": 1.160435546628816e-05,
                "Query": 0.0046723199522214825,
                "Rule": 0.0006479551432619798
            }
        },
        {
            "text": "如果一个单位 A 有6 寸深入打击能力,另一个单位 B 有 12 寸内禁止深入打击能力,那么单位 A 在使用深入打击能力的时候,最多可以进入到单位 B 的多少寸内?",
            "true_intent": "Rule",
            "pred_intent": "Rule",
            "true_slots": [
                "O",
                "O",
                "B-UNIT",
                "I-UNIT",
                "B-HAVE",
                "B-NUMBER",
                "I-NUMBER",
                "B-SKILL",
                "B-SKILL_TYPE",
                "O",
                "O",
                "O",
                "B-UNIT",
                "I-UNIT",
                "B-HAVE",
                "B-NUMBER",
                "I-NUMBER",
                "O",
                "B-BOOL",
                "B-SKILL",
                "B-SKILL_TYPE",
                "O",
                "O",
                "B-UNIT",
                "I-UNIT",
                "O",
                "B-ACTION",
                "B-SKILL",
                "B-SKILL_TYPE",
                "O",
                "B-CONDITION",
                "O",
                "O",
                "B-BOOL",
                "O",
                "O",
                "B-UNIT",
                "I-UNIT",
                "O",
                "B-NUMBER",
                "O",
                "O",
                "O"
            ],
            "pred_slots": [
                "O",
                "O",
                "O",
                "O",
                "O",
                "O",
                "B-HAVE",
                "O",
                "O",
                "O",
                "O",
                "O",
                "O",
                "O",
                "B-UNIT_TYPE",
                "I-UNIT_TYPE",
                "O",
                "O",
                "O",
                "O",
                "O",
                "O",
                "O",
                "O",
                "O",
                "O",
                "O",
                "O",
                "O",
                "O",
                "O",
                "O",
                "O",
                "O",
                "O",
                "O",
                "O",
                "O",
                "O",
                "B-BOOL",
                "O",
                "O",
                "O"
            ],
            "intent_confidences": {
                "Compare": 2.2755303659054435e-07,
                "List": 4.419979476660252e-08,
                "NON40K": 1.9005718918858777e-12,
                "Query": 3.358054083036276e-07,
                "Rule": 0.9999993924398597
            }
        },
        {
            "text": "在阿巴顿可以领导的单位里,哪个单位有最高的 W 值",
            "true_intent": "Compare",
            "pred_intent": "Compare",
            "true_slots": [
                "O",
                "B-UNIT",
                "B-BOOL",
                "B-ACTION",
                "O",
                "B-UNIT",
                "O",
                "O",
                "B-WHICH",
                "B-UNIT",
                "B-HAVE",
                "B-COMPARE",
                "O",
                "B-ATTR",
                "I-ATTR"
            ],
            "pred_slots": [
                "O",
                "O",
                "B-BOOL",
                "O",
                "O",
                "O",
                "O",
                "O",
                "B-WHICH",
                "B-UNIT_TYPE",
                "B-HAVE",
                "B-COMPARE",
                "O",
                "O",
                "O"
            ],
            "intent_confidences": {
                "Compare": 0.9869735130489006,
                "List": 0.0010334831238315958,
                "NON40K": 0.00028635995712122903,
                "Query": 0.002414452831809526,
                "Rule": 0.009292191038337061
            }
        },
        {
            "text": "除了火龙战士以外,艾达灵族还有哪些单位可以装备火龙热熔枪",
            "true_intent": "List",
            "pred_intent": "List",
            "true_slots": [
                "B-NEGATIVE",
                "B-UNIT",
                "O",
                "O",
                "B-FACTION",
                "B-HAVE",
                "B-HOWMANY",
                "B-UNIT",
                "B-BOOL",
                "B-ACTION",
                "B-WEAPON"
            ],
            "pred_slots": [
                "O",
                "O",
                "O",
                "O",
                "B-FACTION",
                "B-HAVE",
                "B-HOWMANY",
                "B-UNIT",
                "B-BOOL",
                "B-ACTION",
                "I-ACTION"
            ],
            "intent_confidences": {
                "Compare": 1.5016536451172826e-05,
                "List": 0.996282156902814,
                "NON40K": 5.747774466349219e-07,
                "Query": 0.00019120951419680253,
                "Rule": 0.0035110422690911754
            }
        },
        {
            "text": "我想知道独角的一次性能力是什么?",
            "true_intent": "Query",
            "pred_intent": "Query",
            "true_slots": [
                "O",
                "O",
                "O",
                "B-UNIT",
                "O",
                "B-SKILL",
                "I-SKILL",
                "O",
                "B-RESULT",
                "O"
            ],
            "pred_slots": [
                "B-UNIT",
                "I-UNIT",
                "I-UNIT",
                "I-UNIT",
                "O",
                "O",
                "B-ACTION",
                "I-ACTION",
                "B-HOWMANY",
                "O"
            ],
            "intent_confidences": {
                "Compare": 0.006680073460891482,
                "List": 0.0006271770199466935,
                "NON40K": 0.0058298892318919965,
                "Query": 0.764009922414369,
                "Rule": 0.2228529378729006
            }
        },
        {
            "text": "你能告诉我在千子军团里,哪些单位拥有斥候技能吗?",
            "true_intent": "List",
            "pred_intent": "List",
            "true_slots": [
                "O",
                "O",
                "O",
                "O",
                "O",
                "B-FACTION",
                "I-FACTION",
                "O",
                "O",
                "B-HOWMANY",
                "B-UNIT",
                "B-HAVE",
                "B-SKILL",
                "B-SKILL_TYPE",
                "O",
                "O"
            ],
            "pred_slots": [
                "O",
                "O",
                "O",
                "O",
                "O",
                "O",
                "O",
                "O",
                "O",
                "B-HOWMANY",
                "B-UNIT",
                "B-HAVE",
                "O",
                "B-SKILL_TYPE",
                "O",
                "O"
            ],
            "intent_confidences": {
                "Compare": 0.0015657734986927604,
                "List": 0.9840803278772539,
                "NON40K": 0.0008015815512038933,
                "Query": 0.008314885396858748,
                "Rule": 0.005237431675990471
            }
        },
        {
            "text": "我有一个问题,如果一个单位有先攻关键字,那么在对方的冲锋阶段,另一个单位对他发起了冲锋,在接下来的近战阶段,谁先出手进行近战",
            "true_intent": "Rule",
            "pred_intent": "Rule",
            "true_slots": [
                "O",
                "O",
                "O",
                "O",
                "O",
                "O",
                "O",
                "B-UNIT",
                "B-HAVE",
                "B-SKILL",
                "B-SKILL_TYPE",
                "O",
                "O",
                "B-WHEN",
                "O",
                "O",
                "B-PHASE",
                "O",
                "O",
                "B-UNIT",
                "O",
                "O",
                "O",
                "O",
                "B-ACTION",
                "O",
                "B-WHEN",
                "O",
                "O",
                "B-PHASE",
                "O",
                "O",
                "O",
                "O",
                "B-ACTION",
                "I-ACTION"
            ],
            "pred_slots": [
                "O",
                "O",
                "O",
                "O",
                "O",
                "O",
                "O",
                "O",
                "B-HAVE",
                "O",
                "O",
                "O",
                "O",
                "O",
                "O",
                "O",
                "O",
                "O",
                "O",
                "B-UNIT_TYPE",
                "O",
                "O",
                "O",
                "O",
                "O",
                "O",
                "O",
                "O",
                "O",
                "O",
                "O",
                "B-ACTION",
                "I-ACTION",
                "I-ACTION",
                "I-ACTION",
                "I-ACTION"
            ],
            "intent_confidences": {
                "Compare": 2.1807636756970624e-06,
                "List": 2.793725108618573e-06,
                "NON40K": 2.8566127362229543e-09,
                "Query": 3.078807498280459e-05,
                "Rule": 0.9999642345796201
            }
        },
        {
            "text": "快告诉我星际战士有多少种载具单位",
            "true_intent": "List",
            "pred_intent": "List",
            "true_slots": [
                "O",
                "O",
                "O",
                "B-FACTION",
                "B-HAVE",
                "B-HOWMANY",
                "O",
                "B-UNIT_KWS",
                "B-UNIT"
            ],
            "pred_slots": [
                "O",
                "O",
                "O",
                "O",
                "B-HAVE",
                "B-HOWMANY",
                "B-UNIT_KWS",
                "I-UNIT_KWS",
                "B-UNIT_TYPE"
            ],
            "intent_confidences": {
                "Compare": 0.0005319752357702081,
                "List": 0.9964861795039948,
                "NON40K": 0.0008787516862913568,
                "Query": 0.0017952277337949115,
                "Rule": 0.0003078658401485967
            }
        },
        {
            "text": "我就想知道圣血天使的圣血卫队可以装备哪些近战武器",
            "true_intent": "List",
            "pred_intent": "List",
            "true_slots": [
                "O",
                "O",
                "O",
                "O",
                "B-FACTION",
                "O",
                "B-UNIT",
                "B-BOOL",
                "B-ACTION",
                "B-HOWMANY",
                "B-WEAPON_KWS",
                "B-WEAPON"
            ],
            "pred_slots": [
                "O",
                "O",
                "O",
                "O",
                "O",
                "O",
                "O",
                "B-BOOL",
                "B-ACTION",
                "B-HOWMANY",
                "B-UNIT",
                "B-WEAPON"
            ],
            "intent_confidences": {
                "Compare": 0.0010418390369911531,
                "List": 0.9855424039536919,
                "NON40K": 0.0001846341063567498,
                "Query": 0.010528863394484103,
                "Rule": 0.0027022595084760285
            }
        },
        {
            "text": "太空野狼的狼骑兵的 T 值和斯卡布兰德的武器 S 值,哪个更高?",
            "true_intent": "Compare",
            "pred_intent": "Compare",
            "true_slots": [
                "B-FACTION",
                "O",
                "B-UNIT",
                "O",
                "B-ATTR",
                "I-ATTR",
                "O",
                "B-UNIT",
                "O",
                "B-WEAPON",
                "B-ATTR",
                "I-ATTR",
                "O",
                "B-WHICH",
                "B-COMPARE",
                "I-COMPARE",
                "O"
            ],
            "pred_slots": [
                "B-UNIT",
                "O",
                "O",
                "O",
                "O",
                "O",
                "O",
                "B-COMPARE_WITH",
                "O",
                "O",
                "B-WEAPON",
                "I-WEAPON",
                "O",
                "B-ATTR",
                "I-ATTR",
                "O",
                "O"
            ],
            "intent_confidences": {
                "Compare": 0.9967801918832998,
                "List": 0.0007637946861441101,
                "NON40K": 1.210906701483669e-05,
                "Query": 0.0020125069782681608,
                "Rule": 0.0004313973852730854
            }
        },
        {
            "text": "什么是手雷技能?",
            "true_intent": "Query",
            "pred_intent": "Query",
            "true_slots": [
                "B-WHAT",
                "O",
                "B-SKILL",
                "B-SKILL_TYPE",
                "O"
            ],
            "pred_slots": [
                "B-CONDITION",
                "I-CONDITION",
                "I-CONDITION",
                "B-SKILL_TYPE",
                "O"
            ],
            "intent_confidences": {
                "Compare": 0.009923176991461983,
                "List": 0.003015662099474981,
                "NON40K": 0.017446943960095853,
                "Query": 0.9604465218781387,
                "Rule": 0.00916769507082861
            }
        },
        {
            "text": "什么样的单位可以使用手雷技能?",
            "true_intent": "Query",
            "pred_intent": "Query",
            "true_slots": [
                "B-WHAT",
                "O",
                "B-UNIT",
                "B-BOOL",
                "B-ACTION",
                "B-SKILL",
                "B-SKILL_TYPE",
                "O"
            ],
            "pred_slots": [
                "B-UNIT",
                "O",
                "B-UNIT_TYPE",
                "B-BOOL",
                "B-ACTION",
                "O",
                "B-SKILL_TYPE",
                "O"
            ],
            "intent_confidences": {
                "Compare": 0.004854106578781633,
                "List": 0.014612168104385606,
                "NON40K": 0.001245489895712191,
                "Query": 0.8912143313799052,
                "Rule": 0.08807390404121529
            }
        },
        {
            "text": "哪些单位可以进行斥候移动?",
            "true_intent": "Query",
            "pred_intent": "Query",
            "true_slots": [
                "B-WHAT",
                "B-UNIT",
                "B-BOOL",
                "B-ACTION",
                "B-SKILL",
                "B-ACTION",
                "O"
            ],
            "pred_slots": [
                "B-HOWMANY",
                "B-UNIT",
                "B-BOOL",
                "B-CONDITION",
                "I-CONDITION",
                "B-ACTION",
                "O"
            ],
            "intent_confidences": {
                "Compare": 0.002354045129141914,
                "List": 0.46478753619182583,
                "NON40K": 0.010134158423021912,
                "Query": 0.49017842482706114,
                "Rule": 0.032545835428949295
            }
        },
        {
            "text": "吞世者军团里哪些单位可以进行斥候移动",
            "true_intent": "List",
            "pred_intent": "List",
            "true_slots": [
                "B-FACTION",
                "I-FACTION",
                "O",
                "B-HOWMANY",
                "B-UNIT",
                "B-BOOL",
                "B-ACTION",
                "B-SKILL",
                "B-ACTION",
                "O"
            ],
            "pred_slots": [
                "O",
                "O",
                "O",
                "B-HOWMANY",
                "B-UNIT",
                "B-BOOL",
                "B-CONDITION",
                "I-CONDITION",
                "B-ACTION",
                "O"
            ],
            "intent_confidences": {
                "Compare": 0.0002019388128851,
                "List": 0.8475404224249345,
                "NON40K": 0.00034257189473775536,
                "Query": 0.1464068646014958,
                "Rule": 0.005508202265946913
            }
        },
        {
            "text": "请你告诉我大炮长鸣能力是什么?",
            "true_intent": "Query",
            "pred_intent": "Query",
            "true_slots": [
                "O",
                "O",
                "O",
                "O",
                "B-SKILL",
                "B-SKILL_TYPE",
                "B-RESULT",
                "I-RESULT",
                "O"
            ],
            "pred_slots": [
                "O",
                "O",
                "O",
                "O",
                "O",
                "B-ACTION",
                "I-ACTION",
                "B-HOWMANY",
                "O"
            ],
            "intent_confidences": {
                "Compare": 0.021992480909937415,
                "List": 0.0006410700354323194,
                "NON40K": 0.021753080981159845,
                "Query": 0.9450334575774826,
                "Rule": 0.010579910495987952
            }
        },
        {
            "text": "在指挥阶段中,什么样的单位需要过战斗震慑",
            "true_intent": "Query",
            "pred_intent": "Rule",
            "true_slots": [
                "B-WHEN",
                "B-PHASE",
                "B-CONDITION",
                "O",
                "B-WHAT",
                "O",
                "B-UNIT",
                "O",
                "B-ACTION",
                "I-ACTION"
            ],
            "pred_slots": [
                "B-WHEN",
                "B-PHASE",
                "O",
                "O",
                "B-CONDITION",
                "O",
                "B-UNIT_TYPE",
                "O",
                "B-ACTION",
                "I-ACTION"
            ],
            "intent_confidences": {
                "Compare": 0.003039768537702911,
                "List": 0.0029478214026283874,
                "NON40K": 0.01157084851427479,
                "Query": 0.08865797449571064,
                "Rule": 0.8937835870496833
            }
        },
        {
            "text": "在我的移动阶段中,如果我的一个单位在之前的战斗震慑测试中失败了,这个单位当前正处于近战阶段中,那么当我让这个单位撤退时,我需要做什么操作?",
            "true_intent": "Rule",
            "pred_intent": "Rule",
            "true_slots": [
                "B-WHEN",
                "O",
                "B-PHASE",
                "B-CONDITION",
                "O",
                "O",
                "O",
                "O",
                "B-UNIT",
                "B-WHEN",
                "O",
                "O",
                "B-TERM",
                "I-TERM",
                "O",
                "O",
                "O",
                "O",
                "O",
                "B-UNIT",
                "O",
                "O",
                "B-ACTION",
                "B-TERM",
                "I-TERM",
                "O",
                "O",
                "B-WHEN",
                "O",
                "O",
                "O",
                "B-UNIT",
                "B-ACTION",
                "B-CONDITION",
                "O",
                "O",
                "O",
                "O",
                "B-WHAT",
                "B-ACTION",
                "O"
            ],
            "pred_slots": [
                "O",
                "O",
                "O",
                "O",
                "O",
                "O",
                "O",
                "O",
                "O",
                "O",
                "O",
                "O",
                "O",
                "O",
                "O",
                "O",
                "O",
                "O",
                "O",
                "O",
                "O",
                "O",
                "O",
                "O",
                "O",
                "O",
                "O",
                "O",
                "O",
                "O",
                "O",
                "B-UNIT_TYPE",
                "O",
                "O",
                "O",
                "O",
                "O",
                "B-ACTION",
                "I-ACTION",
                "I-ACTION",
                "O"
            ],
            "intent_confidences": {
                "Compare": 5.69864601383854e-08,
                "List": 2.130555764146025e-09,
                "NON40K": 1.7326436589615073e-09,
                "Query": 1.0646678513817991e-07,
                "Rule": 0.9999998326835553
            }
        },
        {
            "text": "猎鹰坦克的”火力支援”能力是怎么写的?",
            "true_intent": "Query",
            "pred_intent": "Query",
            "true_slots": [
                "B-RESULT",
                "O",
                "O",
                "B-SKILL",
                "O",
                "B-SKILL_TYPE",
                "B-BOOL",
                "B-RESULT",
                "I-RESULT",
                "I-RESULT",
                "O"
            ],
            "pred_slots": [
                "B-UNIT",
                "O",
                "O",
                "O",
                "O",
                "B-RESULT",
                "I-RESULT",
                "I-RESULT",
                "I-RESULT",
                "O",
                "O"
            ],
            "intent_confidences": {
                "Compare": 0.006247190365055312,
                "List": 0.0006869261372217892,
                "NON40K": 0.0028261697314359616,
                "Query": 0.9886105361039087,
                "Rule": 0.001629177662378247
            }
        },
        {
            "text": "设想这样一个场景,一个单位用 S3 的武器射击一个另一个 T6 的单位, 前一个单位需要投掷出哪些造伤骰子才能被视为成功造伤?",
            "true_intent": "Rule",
            "pred_intent": "Rule",
            "true_slots": [
                "B-UNIT",
                "O",
                "O",
                "B-SKILL",
                "O",
                "B-SKILL_TYPE",
                "B-RESULT",
                "I-RESULT",
                "O"
            ],
            "pred_slots": [
                "O",
                "O",
                "O",
                "O",
                "O",
                "O",
                "O",
                "O",
                "O"
            ],
            "intent_confidences": {
                "Compare": 6.129234922089383e-07,
                "List": 1.4752287872018551e-05,
                "NON40K": 1.9834255075247965e-09,
                "Query": 5.984727875853984e-06,
                "Rule": 0.9999786480773344
            }
        },
        {
            "text": "你有没有想过, 死神导弹发射器的射程和波蛇飞艇的双联光矛的射程,哪个更远",
            "true_intent": "Compare",
            "pred_intent": "Compare",
            "true_slots": [
                "O",
                "O",
                "O",
                "O",
                "O",
                "O",
                "B-UNIT",
                "B-ACTION",
                "B-ATTR",
                "B-NUMBER",
                "O",
                "B-WEAPON",
                "B-ACTION",
                "O",
                "B-ATTR",
                "B-NUMBER",
                "O",
                "B-UNIT",
                "O",
                "O",
                "O",
                "B-UNIT",
                "O",
                "B-ACTION",
                "O",
                "B-HOWMANY",
                "B-TERM",
                "B-BOOL",
                "B-PASSIVE",
                "B-ACTION",
                "I-ACTION",
                "I-ACTION",
                "O"
            ],
            "pred_slots": [
                "O",
                "B-HAVE",
                "O",
                "O",
                "O",
                "O",
                "O",
                "B-WEAPON",
                "I-WEAPON",
                "O",
                "O",
                "B-COMPARE_WITH",
                "B-UNIT",
                "I-UNIT",
                "O",
                "O",
                "O",
                "O",
                "B-ATTR",
                "I-ATTR",
                "B-WHICH",
                "B-COMPARE",
                "I-COMPARE",
                "O",
                "O",
                "O",
                "O",
                "O",
                "O",
                "O",
                "O",
                "O",
                "O"
            ],
            "intent_confidences": {
                "Compare": 0.9652517410213871,
                "List": 0.0016657963329847426,
                "NON40K": 0.00023550301037737086,
                "Query": 0.012350146745727453,
                "Rule": 0.020496812889523295
            }
        },
        {
            "text": "我想知道,如果我的军队里有一个单位拥有一次性射击武器,并且他此时位于一个有”开火口 2”的载具内,在我的射击阶段里,我使用这个载具的开火口发射了一次性武器. 那么下个回合这个单位从车里下车之后,还能使用一次性射击武器进行射击吗?",
            "true_intent": "Rule",
            "pred_intent": "Rule",
            "true_slots": [
                "O",
                "O",
                "O",
                "O",
                "O",
                "B-WEAPON",
                "I-WEAPON",
                "I-WEAPON",
                "O",
                "B-ATTR",
                "O",
                "B-UNIT",
                "O",
                "B-WEAPON",
                "O",
                "B-ATTR",
                "O",
                "B-WHICH",
                "B-COMPARE",
                "O"
            ],
            "pred_slots": [
                "O",
                "O",
                "O",
                "O",
                "O",
                "O",
                "O",
                "O",
                "O",
                "B-UNIT_TYPE",
                "O",
                "B-HAVE",
                "O",
                "O",
                "O",
                "O",
                "O",
                "O",
                "O",
                "O"
            ],
            "intent_confidences": {
                "Compare": 1.3919257041961927e-10,
                "List": 7.374013410518746e-11,
                "NON40K": 2.177251163221207e-17,
                "Query": 1.4590160275156777e-09,
                "Rule": 0.9999999983280512
            }
        },
        {
            "text": "巴哈罗斯带领了一队翔鹰, 在我的近战阶段结束时他处于近战范围内,此时我还能让巴哈罗斯回到预备队吗?",
            "true_intent": "Rule",
            "pred_intent": "Rule",
            "true_slots": [
                "O",
                "O",
                "O",
                "O",
                "O",
                "O",
                "O",
                "O",
                "O",
                "B-HAVE",
                "O",
                "B-UNIT",
                "B-HAVE",
                "B-WEAPON_KWS",
                "B-WEAPON",
                "O",
                "O",
                "O",
                "O",
                "O",
                "O",
                "B-HAVE",
                "O",
                "B-TERM",
                "I-TERM",
                "O",
                "O",
                "B-UNIT",
                "O",
                "O",
                "B-WHEN",
                "O",
                "O",
                "B-PHASE",
                "B-CONDITION",
                "O",
                "O",
                "B-ACTION",
                "O",
                "B-UNIT",
                "O",
                "O",
                "B-ACTION",
                "O",
                "B-WEAPON_KWS",
                "B-WEAPON",
                "O",
                "O",
                "O",
                "O",
                "O",
                "B-UNIT",
                "O",
                "O",
                "B-ACTION",
                "B-CONDITION",
                "O",
                "B-BOOL",
                "B-ACTION",
                "B-WEAPON_KWS",
                "B-WEAPON",
                "B-ACTION",
                "I-ACTION",
                "I-ACTION",
                "O"
            ],
            "pred_slots": [
                "O",
                "O",
                "O",
                "O",
                "O",
                "O",
                "O",
                "O",
                "O",
                "O",
                "O",
                "O",
                "O",
                "B-CONDITION",
                "I-CONDITION",
                "O",
                "O",
                "O",
                "O",
                "O",
                "O",
                "B-BOOL",
                "B-ACTION",
                "I-ACTION",
                "I-ACTION",
                "I-ACTION",
                "I-ACTION",
                "I-ACTION",
                "I-ACTION",
                "O",
                "O",
                "O",
                "O",
                "O",
                "O",
                "O",
                "O",
                "O",
                "O",
                "O",
                "O",
                "O",
                "O",
                "O",
                "O",
                "O",
                "O",
                "O",
                "O",
                "O",
                "O",
                "O",
                "O",
                "O",
                "O",
                "O",
                "O",
                "O",
                "O",
                "O",
                "O",
                "O",
                "O",
                "O",
                "O"
            ],
            "intent_confidences": {
                "Compare": 0.001396494972530953,
                "List": 0.000933188557661513,
                "NON40K": 0.00016683732619797873,
                "Query": 0.06362629519645568,
                "Rule": 0.9338771839471539
            }
        },
        {
            "text": "当福甘带领一队火龙战士, 在移动阶段他通过加速移动到对方载具的 8寸内 6 寸外,在接下来的射击阶段里,这个单位中火龙战士装备的火龙热熔枪能享受到melta3的加成吗?",
            "true_intent": "Rule",
            "pred_intent": "Rule",
            "true_slots": [
                "B-UNIT",
                "B-ACTION",
                "O",
                "B-NUMBER",
                "B-UNIT",
                "O",
                "B-WHEN",
                "O",
                "B-PHASE",
                "B-CONDITION",
                "I-CONDITION",
                "O",
                "O",
                "B-TERM",
                "I-TERM",
                "I-TERM",
                "O",
                "O",
                "O",
                "B-BOOL",
                "O",
                "B-UNIT",
                "B-ACTION",
                "I-ACTION",
                "O",
                "O"
            ],
            "pred_slots": [
                "O",
                "O",
                "O",
                "O",
                "O",
                "O",
                "O",
                "B-WHEN",
                "O",
                "O",
                "O",
                "O",
                "O",
                "O",
                "O",
                "O",
                "O",
                "O",
                "O",
                "O",
                "O",
                "O",
                "O",
                "O",
                "O",
                "O"
            ],
            "intent_confidences": {
                "Compare": 6.282282720568387e-08,
                "List": 6.641828784685205e-07,
                "NON40K": 1.223271824273398e-12,
                "Query": 2.2048340016958822e-05,
                "Rule": 0.9999772246530542
            }
        },
        {
            "text": "我的一个单位有斥候能力,那么他在游戏开始进行斥候移动的时候,有什么限制吗?",
            "true_intent": "Rule",
            "pred_intent": "Rule",
            "true_slots": [
                "B-UNIT",
                "B-ACTION",
                "O",
                "B-UNIT",
                "O",
                "B-WHEN",
                "B-PHASE",
                "O",
                "O",
                "B-ACTION",
                "I-ACTION",
                "O",
                "O",
                "B-UNIT",
                "O",
                "O",
                "O",
                "O",
                "O",
                "O",
                "B-WHEN",
                "O",
                "O",
                "B-PHASE",
                "B-CONDITION",
                "O",
                "O",
                "B-UNIT_TYPE",
                "O",
                "B-UNIT",
                "B-ACTION",
                "O",
                "B-WEAPON",
                "B-BOOL",
                "B-ACTION",
                "O",
                "B-TERM",
                "I-TERM",
                "O",
                "B-TERM",
                "O",
                "O"
            ],
            "pred_slots": [
                "O",
                "O",
                "B-UNIT_TYPE",
                "O",
                "O",
                "O",
                "O",
                "O",
                "O",
                "O",
                "O",
                "O",
                "B-ACTION",
                "O",
                "O",
                "B-HAVE",
                "O",
                "O",
                "O",
                "O",
                "O",
                "O",
                "O",
                "O",
                "O",
                "O",
                "O",
                "O",
                "O",
                "O",
                "O",
                "O",
                "O",
                "O",
                "O",
                "O",
                "O",
                "O",
                "O",
                "O",
                "O",
                "O"
            ],
            "intent_confidences": {
                "Compare": 7.979135232132738e-05,
                "List": 8.72970228336918e-06,
                "NON40K": 8.02088408806358e-06,
                "Query": 0.03414161894190435,
                "Rule": 0.9657618391194028
            }
        },
        {
            "text": "我想知道,当我的一个飞行器单位在执行移动的时候,是先调整方向,再移动?还是先移动后调整方向?",
            "true_intent": "Rule",
            "pred_intent": "Rule",
            "true_slots": [
                "O",
                "O",
                "O",
                "B-UNIT",
                "B-HAVE",
                "B-SKILL",
                "B-SKILL_TYPE",
                "O",
                "O",
                "O",
                "B-WHEN",
                "B-PHASE",
                "B-ACTION",
                "I-ACTION",
                "I-ACTION",
                "O",
                "B-CONDITION",
                "O",
                "B-HAVE",
                "B-RESULT",
                "I-RESULT",
                "O",
                "O"
            ],
            "pred_slots": [
                "O",
                "O",
                "O",
                "B-WHEN",
                "O",
                "O",
                "O",
                "O",
                "B-UNIT_TYPE",
                "I-UNIT_TYPE",
                "O",
                "O",
                "O",
                "O",
                "O",
                "O",
                "O",
                "O",
                "O",
                "O",
                "O",
                "O",
                "O"
            ],
            "intent_confidences": {
                "Compare": 5.603739793744922e-05,
                "List": 5.719681060524305e-06,
                "NON40K": 4.42757394241298e-06,
                "Query": 0.00013816402778445836,
                "Rule": 0.9997956513192752
            }
        },
        {
            "text": "帮我查一下数据表, 看一下虚空鸦轰炸机的 T 值和劫掠者飞艇的 T 值哪个更高",
            "true_intent": "Compare",
            "pred_intent": "Compare",
            "true_slots": [
                "O",
                "O",
                "O",
                "O",
                "O",
                "O",
                "O",
                "O",
                "B-UNIT",
                "I-UNIT",
                "O",
                "B-ATTR",
                "I-ATTR",
                "O",
                "B-UNIT",
                "I-UNIT",
                "O",
                "B-ATTR",
                "I-ATTR",
                "B-WHICH",
                "B-COMPARE",
                "O"
            ],
            "pred_slots": [
                "O",
                "O",
                "O",
                "O",
                "O",
                "O",
                "O",
                "O",
                "O",
                "O",
                "O",
                "O",
                "O",
                "O",
                "B-COMPARE_WITH",
                "B-UNIT",
                "I-UNIT",
                "I-UNIT",
                "I-UNIT",
                "O",
                "B-ATTR",
                "I-ATTR"
            ],
            "intent_confidences": {
                "Compare": 0.9954443416572963,
                "List": 0.00016509009167018794,
                "NON40K": 2.3072794138266857e-05,
                "Query": 0.00010978933433048863,
                "Rule": 0.004257706122564589
            }
        },
        {
            "text": "在帝子的codex里,哪种步兵拥有最高的 M 值",
            "true_intent": "Compare",
            "pred_intent": "Compare",
            "true_slots": [
                "O",
                "B-FACTION",
                "O",
                "B-TERM",
                "O",
                "O",
                "B-WHICH",
                "B-UNIT_KWS",
                "B-HAVE",
                "B-COMPARE",
                "I-COMPARE",
                "O",
                "B-ATTR",
                "I-ATTR",
                "O"
            ],
            "pred_slots": [
                "O",
                "O",
                "O",
                "O",
                "O",
                "O",
                "B-WHICH",
                "O",
                "B-HAVE",
                "B-COMPARE",
                "I-COMPARE",
                "O",
                "O",
                "O",
                "O"
            ],
            "intent_confidences": {
                "Compare": 0.5448117956946747,
                "List": 0.06898212699669379,
                "NON40K": 0.0037608095407581626,
                "Query": 0.3802397070061306,
                "Rule": 0.0022055607617427818
            }
        },
        {
            "text": "我想知道在黑暗天使的codex里, 死翼骑士的武器 S 值都是多少?",
            "true_intent": "List",
            "pred_intent": "Query",
            "true_slots": [
                "O",
                "O",
                "O",
                "O",
                "B-FACTION",
                "O",
                "B-TERM",
                "O",
                "O",
                "B-UNIT",
                "O",
                "B-WEAPON",
                "B-ATTR",
                "I-ATTR",
                "O",
                "B-RESULT",
                "I-RESULT",
                "O"
            ],
            "pred_slots": [
                "O",
                "O",
                "O",
                "O",
                "O",
                "O",
                "O",
                "O",
                "O",
                "O",
                "O",
                "B-WEAPON",
                "I-WEAPON",
                "O",
                "B-ATTR",
                "I-ATTR",
                "I-ATTR",
                "O"
            ],
            "intent_confidences": {
                "Compare": 0.13912110984737106,
                "List": 0.23504417146795484,
                "NON40K": 0.0037977286324635037,
                "Query": 0.4347642084011194,
                "Rule": 0.1872727816510912
            }
        },
        {
            "text": "我想问一个问题,在千子军团里,哪些单位可以使用手雷技能?",
            "true_intent": "List",
            "pred_intent": "List",
            "true_slots": [
                "O",
                "O",
                "O",
                "O",
                "O",
                "O",
                "O",
                "B-FACTION",
                "O",
                "O",
                "B-HOWMANY",
                "B-UNIT",
                "B-BOOL",
                "B-ACTION",
                "B-SKILL",
                "B-SKILL_TYPE",
                "O"
            ],
            "pred_slots": [
                "O",
                "O",
                "O",
                "O",
                "O",
                "O",
                "B-WHEN",
                "O",
                "O",
                "O",
                "B-HOWMANY",
                "B-UNIT",
                "B-BOOL",
                "B-ACTION",
                "I-ACTION",
                "B-SKILL_TYPE",
                "O"
            ],
            "intent_confidences": {
                "Compare": 0.0031611050709282186,
                "List": 0.8395892762035617,
                "NON40K": 0.00026076738931513516,
                "Query": 0.008713398510137166,
                "Rule": 0.1482754528260578
            }
        },
        {
            "text": "回答我一个问题,在死亡守卫里,哪些单位有渗透关键字?",
            "true_intent": "List",
            "pred_intent": "List",
            "true_slots": [
                "O",
                "O",
                "O",
                "O",
                "O",
                "O",
                "B-FACTION",
                "O",
                "O",
                "B-HOWMANY",
                "B-UNIT",
                "B-HAVE",
                "B-SKILL",
                "B-SKILL_TYPE",
                "O"
            ],
            "pred_slots": [
                "O",
                "O",
                "O",
                "O",
                "O",
                "B-WHEN",
                "B-FACTION",
                "O",
                "O",
                "B-HOWMANY",
                "B-UNIT",
                "B-HAVE",
                "B-RESULT",
                "I-RESULT",
                "O"
            ],
            "intent_confidences": {
                "Compare": 0.00020793444314231658,
                "List": 0.9888004023078539,
                "NON40K": 0.00020329477793966697,
                "Query": 0.0021849953846322626,
                "Rule": 0.008603373086431599
            }
        },
        {
            "text": "问题:当死亡寿衣终结者部署在场上的时候,他最近可以部署到对方单位多少寸的距离?",
            "true_intent": "Rule",
            "pred_intent": "Rule",
            "true_slots": [
                "O",
                "O",
                "B-WHEN",
                "B-UNIT",
                "I-UNIT",
                "B-ACTION",
                "O",
                "O",
                "O",
                "B-CONDITION",
                "O",
                "O",
                "O",
                "B-BOOL",
                "B-ACTION",
                "O",
                "B-UNIT",
                "I-UNIT",
                "B-NUMBER",
                "I-NUMBER",
                "O",
                "O",
                "O"
            ],
            "pred_slots": [
                "O",
                "O",
                "B-WHEN",
                "O",
                "O",
                "O",
                "O",
                "O",
                "O",
                "O",
                "O",
                "O",
                "O",
                "B-BOOL",
                "O",
                "O",
                "O",
                "B-UNIT_TYPE",
                "B-THRESHOLD",
                "I-THRESHOLD",
                "O",
                "O",
                "O"
            ],
            "intent_confidences": {
                "Compare": 0.014342983570320747,
                "List": 0.0018976912119182102,
                "NON40K": 9.163164123880597e-05,
                "Query": 0.0904165353440068,
                "Rule": 0.8932511582325156
            }
        },
        {
            "text": "别告诉我,太空死灵有哪些分队",
            "true_intent": "NON40K",
            "pred_intent": "List",
            "true_slots": [
                "O",
                "O",
                "O",
                "O",
                "B-FACTION",
                "B-HAVE",
                "B-HOWMANY",
                "B-TERM"
            ],
            "pred_slots": [
                "O",
                "O",
                "O",
                "O",
                "B-FACTION",
                "B-HAVE",
                "B-HOWMANY",
                "B-TERM"
            ],
            "intent_confidences": {
                "Compare": 0.0002787509728790585,
                "List": 0.9942732433665296,
                "NON40K": 0.004206151824304027,
                "Query": 0.0011503528285746762,
                "Rule": 9.150100771278488e-05
            }
        },
        {
            "text": "不要给我解释什么是先攻技能",
            "true_intent": "NON40K",
            "pred_intent": "Query",
            "true_slots": [
                "O",
                "O",
                "O",
                "O",
                "B-WHAT",
                "B-BOOL",
                "B-SKILL",
                "B-SKILL_TYPE"
            ],
            "pred_slots": [
                "O",
                "O",
                "O",
                "O",
                "B-HOWMANY",
                "B-UNIT",
                "I-UNIT",
                "B-SKILL_TYPE"
            ],
            "intent_confidences": {
                "Compare": 0.003743748130622398,
                "List": 0.000696894150822926,
                "NON40K": 0.20560822659847602,
                "Query": 0.7714048981810019,
                "Rule": 0.018546232939076753
            }
        },
        {
            "text": "我不想知道当独角发动一次性能力之后,M 值会变成多少",
            "true_intent": "NON40K",
            "pred_intent": "NON40K",
            "true_slots": [
                "O",
                "O",
                "O",
                "B-WHEN",
                "B-UNIT",
                "B-ACTION",
                "B-SKILL",
                "I-SKILL",
                "B-CONDITION",
                "O",
                "B-ATTR",
                "I-ATTR",
                "O",
                "O",
                "B-NUMBER"
            ],
            "pred_slots": [
                "O",
                "O",
                "O",
                "B-WHEN",
                "B-UNIT",
                "O",
                "O",
                "O",
                "O",
                "O",
                "B-ATTR",
                "I-ATTR",
                "I-ATTR",
                "O",
                "O"
            ],
            "intent_confidences": {
                "Compare": 0.00030412511658144234,
                "List": 0.00015447555840054586,
                "NON40K": 0.9955849048481139,
                "Query": 0.003952825973060127,
                "Rule": 3.668503843908442e-06
            }
        },
        {
            "text": "在黑暗天使的codex里, 死翼骑士的武器 S 值都是多少?",
            "true_intent": "List",
            "pred_intent": "Query",
            "true_slots": [
                "O",
                "B-FACTION",
                "O",
                "O",
                "O",
                "O",
                "B-UNIT",
                "O",
                "B-WEAPON",
                "B-ATTR",
                "I-ATTR",
                "O",
                "O",
                "O"
            ],
            "pred_slots": [
                "O",
                "B-UNIT",
                "O",
                "O",
                "O",
                "O",
                "O",
                "O",
                "B-WEAPON",
                "I-WEAPON",
                "O",
                "B-ATTR",
                "I-ATTR",
                "O"
            ],
            "intent_confidences": {
                "Compare": 0.08555821697251044,
                "List": 0.2071104433607894,
                "NON40K": 0.003709823953743794,
                "Query": 0.6286240798126652,
                "Rule": 0.0749974359002911
            }
        },
        {
            "text": "在千子军团里,哪些单位可以使用手雷技能?",
            "true_intent": "List",
            "pred_intent": "List",
            "true_slots": [
                "O",
                "B-FACTION",
                "O",
                "O",
                "B-HOWMANY",
                "B-UNIT",
                "B-BOOL",
                "B-ACTION",
                "B-SKILL",
                "B-SKILL_TYPE",
                "O"
            ],
            "pred_slots": [
                "O",
                "O",
                "O",
                "O",
                "B-HOWMANY",
                "B-UNIT",
                "B-BOOL",
                "B-ACTION",
                "I-ACTION",
                "B-SKILL_TYPE",
                "O"
            ],
            "intent_confidences": {
                "Compare": 0.0009895403609582803,
                "List": 0.9700233785233701,
                "NON40K": 0.00021857559706158172,
                "Query": 0.014463108087965073,
                "Rule": 0.014305397430644986
            }
        }
    ]
}