query,intent
圣血祭司的“鲜血圣杯”技能如何增加近战武器的AP？,Query
传送霸主的**W值**和科技技师的**W值**哪个更高？,Compare
艾达灵族中有哪些具备特定关键词的武器的单位,List
泰伦虫族的**“酸液器官”战略技能如何影响拥有致命破灭技能的泰伦虫族巨兽模型被消灭时的致命破灭判定**？ ,Rule
控电祷文战略技能如何对6寸内敌方单位造成致命伤害？,Query
机神加速战略技能如何提升机械修会载具单位的M值和冲锋结果？,Query
当敌方单位在午夜寿衣移动中经过时，其“死亡之球”技能会造成什么效果？,Rule
万变风暴战略技能在何种条件下赋予目标单位【隐匿】技能和掩体增益？,Query
猩红之王 红魔马格努斯的“超自然力量”技能可以提供哪些效果？,Query
命定毁灭灵能仪式能重投命中1吗? ,Query
突击蝎有渗透者核心技能吗? ,Query
孢子兽的孢子雷喷射炮的**S值**和甲壳肢体的**S值**哪个更高？,Compare
丑角中有哪些拥有关键词的单位,List
西多尼亚龙骑兵的“专注猎手”技能在游戏开始时有什么选择效果？,Query
太空狼有哪些近战武器,List
但丁指挥官可以作为领袖加入哪些单位？,Query
帝皇冠军的爆弹手枪的**S值**和元帅的精工动力武器的**S值**哪个更高？,Compare
烈火风暴突击部队分队的“近距离绝灭”基础能力是什么？,Query
因卡恩-死神化身的维利斯扎尔灵魂之剑的**S值**和魂能漩涡的**S值**哪个更高？,Compare
奸角兽萨满的“献祭祝福”技能如何提升灵能武器属性？,Query
装备复合武器的先锋军副官的“暗影潜行”技能在什么条件下可以进行标准移动？,Rule
圣血天使阵营中，有单位可以由圣血祭司领导吗？ ,List
天蝎座粉碎者坦克的双联重型爆弹枪的**S值**和护教军游猎兵的超铀元素狙击枪的**S值**哪个更高？,Compare
数据唱经团分队的基础能力“机神颂歌”在游戏开始时有何选择？,Query
凯恩化身的“熔岩身躯”技能有什么效果？,Query
当太空死灵单位中的模型进行攻击时，如果其角色模型领导该单位，命中掷骰会受到什么影响？,Rule
贝利撒留考尔的太阳射线的**S值**和电弧长鞭的**S值**哪个更高？,Compare
渎神者骑士的“堕落之心”技能在何种条件下可以重掷命中和造伤骰？,Query
虚空编织者炮艇的光棱炮（聚焦光矛）的**S值**和虚空编织者紊乱炮的**S值**哪个更高？,Compare
"灾荒驱逐者能装备的武器中,有哪些武器是带有双联关键字的?",List
泰伦虫族的“虚无节点”强化升级如何影响灵能攻击分配给该模型的不觉疼痛能力？,Query
骑乘单位中有哪些可以获得战略技能的单位,List
"在艾达灵族的军队里,有哪些单位的 M 值和波蛇飞艇一样",List
凤凰领主有哪些专属的武器,List
飞行器单位可以在移动阶段保持静止吗?,Rule
斯扎拉克，寂静之王有特殊保护技能吗? ,Query
"一台载具在玩家的增援阶段从战略预备队进入战场, 此时他需要摆放在对方单位的什么位置?",Rule
机魂复苏战略技能对【低于起始】的智控军团或机械修会载具单位有什么效果？,Query
狂怒之拳和毁灭之锤哪个武器的S值更高？,Compare
“瞄准！”命令的效果是什么？,Query
毒刃系列超重型坦克的岩浆炮的**S值**和火山激光炮的**S值**哪个更高？,Compare
"在玩家回合结束时,如果一个单位无法保持连续性,会发生什么事?",Rule
太空死灵军队能激活重生协议吗? ,Query
织星者飞艇的“快速上车”技能有什么效果？,Query
至尊教会分队的“心灵漩涡”团策能力有什么效果？,Query
钢铁军团有哪些近战步兵单位,List
当圣血天使的**“复仇猛攻”强化升级生效时，如果装备者被消灭**，死亡连模型在攻击时命中掷骰会受到什么影响？,Rule
纯净分支有多少种精英单位？,List
冥工哨戒蜈蚣的放逐大炮的**S值**和哨戒机械利爪的**S值**哪个更高？,Compare
骑乘奸奇魔盘的高阶巫师的“奸奇幻像”技能如何限制远程攻击目标？,Query
凶暴复仇者有手雷关键字吗?,Query
始祖鸟燧火轰炸机的智能重机枪阵列的**A值**和装甲机体的**A值**哪个更高？,Compare
星界军阵营的合成作战兵团分队中，哪些兵团步兵友军单位可以被增援到来战略技能重新加入军队？ ,List
阿里曼的“奸奇高阶巫师”技能如何增加灵能测试结果？,Query
欧格林小队的“狂轰乱炸”技能如何提升射击武器的AP值？,Query
技术牧师工造士的工程师战斧的**S值**和机械臂的**S值**哪个更高？,Compare
黑暗灵族有哪些特殊人物单位,List
圣血天使阵营中，哪些步兵单位拥有不知疼痛6+核心技能？ ,List
首席智库墨菲斯顿的“凝滞瞥视”【光环】技能对敌方单位撤退有何影响？,Query
蔑视甲胄战略技能如何削弱敌方攻击的AP值？,Query
织星者飞艇有火力平台6核心技能吗? ,Query
沙丘爬行者机甲的“结构扫描”技能如何影响对巨兽或载具单位的攻击？,Query
族群领主的“阴险洞察”技能如何为领导的单位装备的武器添加能力？,Query
古墓方尖碑的**OC值**和黑石浮塔的**OC值**哪个更高？,Compare
仪仗方阵分队的“有价值的敌人”基础能力如何生效？,Query
神经利卡特的穿刺利爪的**S值**和毒烟虫的剧毒触手的**S值**哪个更高？,Compare
永恒征服者强化升级在什么条件下可以重投命中？,Query
猎鹰坦克完成射击后，其“火力支援”技能有什么效果？,Rule
 戴冠将军赞德瑞克可以领导巫妖卫士单位吗? ,Query
帝国飞行部队有哪些飞行器单位,List
湮灭军团分队的“虚弱之痕”战略技能对攻击有何加成？,Query
支派武士有哪些拥有光环能力的单位,List
始祖鸟燧火轰炸机的“炸弹投放”技能在完成标准移动后如何造成致命伤害？,Query
"如果一个单位 A 有”每次自己所在单位使用计谋时,CP 消耗-1 “的能力,那么在对面的增援入场阶段,他使用快速入场计谋时,CP 消耗会-1 吗?",Rule
丑角有多少个技能,List
混沌猪骑有哪些特殊战吼技能？,List
雷光战士的重型等离子枪AP值和毁灭力爆破枪的AP值哪个更高？,Compare
冥工赋生者能提供不觉疼痛4+技能吗? ,Query
 星际战士阵营的铁砧攻坚部队中，哪些单位能够使用不惧强敌战略技能？ ,List
一把爆破武器的射程为24英寸，进行曲射攻击时，哪些距离下的投掷符合射程规则,Rule
如果一个规则允许忽略对属性或掷骰的修正，这意味着可以忽略哪些类型的修正？,Query
虚空编织者炮艇的**W值**和剧团长的**W值**哪个更高？,Compare
翔空司战可以选择哪些近战武器升级,List
破晓之刃和夜影之爪哪个武器的AP值更高？,Compare
暴风兵指挥组的“暴风兵指挥”技能如何提升射击武器的能力？,Query
堡主的爆弹手枪的**S值**和精工爆弹步枪的**S值**哪个更高？,Compare
星界军的卡塔昌丛林战士单位拥有【斥候6】技能吗？,Query
脑虫暴君可以作为领袖加入哪些单位？,Query
圣血祭司能让所领导的单位拥有不知疼痛5+吗? ,Query
"一个联合单位有 13 个模型,当指挥阶段开始时他还剩下 6 个模型,此时他需要过战斗震慑测试吗?",Rule
邪秽共生战略技能如何使混沌骑士单位进入邪能奔涌状态？,Query
暴风兵飞鹰小队的“精准降落”技能在部署到战场时有何限制？,Query
"在玩家的移动阶段, 一个玩家可以通过移动一个单位,让他们主动脱离连续性吗? ",Rule
黑曜星舰中，哪种武器具有最高射程？,Compare
千子军团正义远征军分队的**“塔恩豪瑟遗骨”**强化升级能使分配给持有者的攻击伤害属性减半吗,Query
守护邪咒战略技能对位于己方魔力流内的目标标记有何影响？,Query
机械主教的“数据探针”技能在近战阶段开始时如何对敌方载具单位造成致命伤害？,Query
护教军游猎兵的“信息猎手”技能在何种条件下可以重投命中结果？,Query
坎托战团长的“激励人心”技能如何影响肃卫老兵小队的OC值？,Query
罗格多恩坦克指挥官的**OC值**和暴风兵指挥组的**OC值**哪个更高？,Compare
荣光牺牲战略技能的使用对象必须满足什么条件？,Query
拥有“额外攻击”技能的武器，其攻击次数能否被其他规则修正？,Query
野牛装甲车的双联自动炮的**A值**和风暴爆弹枪的**A值**哪个更高？,Compare
入侵舰队分队的“超强适应力”基础能力可以选择哪些效果？,Query
除了格雷法克斯外，审判庭中还有哪些人物模型？,List
当泰伦虫族的巨兽单位低于一半初始兵力时，其攻击的造伤结果会如何变化？ ,Rule
飞龙自行火炮的“压制轰炸”技能如何对敌方单位造成【压制】效果？,Query
奥术专注战略技能可以重掷哪些骰子？,Query
“操纵命运”灵能仪式在灵能测试结果为12+时，武器AP会如何变化？,Rule
暴风兵小队的**T值**和欧格林小队的**T值**哪个更高？,Compare
"一个骑乘单位在己方的移动阶段,可以穿越废墟地形吗?",Rule
混沌骑士的暴君骑士的**“腐化要塞”**技能会阻止敌方增援单位在模型12英寸内部署吗？,Query
绿皮兽人有哪些分队？,List
绿皮兽人有多少个分队?,List
皇家督军所在单位可以在撤退回合进行射击或冲锋吗? ,Query
一个单位在什么时候可以搭乘友方运输工具？搭乘后有哪些限制？,Rule
元帅的精工动力武器的**S值**和等离子手枪（过载）的**S值**哪个更高？,Compare
"千子军团的载具中,有能渗透的单位吗?",List
血天使中有哪些单位可以使用手雷技能？,List
 圣血天使阵营中，有独行特工的人物吗？ ,List
如果星界军的暴风兵指挥官使用了指挥节杖，他所领导的单位可以被多少条不同的命令同时影响？,Rule
伊弗蕾妮是史诗英雄吗? ,Query
领主之刃有毁灭伤害技能吗? ,Query
阿苏焉尼有哪些拥有战斗专注的单位,List
星界军阵营中，哪些史诗英雄拥有渗透核心技能？ ,List
泰伦虫族的“节点生物”阵营规则如何影响节点范围内的友军泰伦虫族单位？,Query
地底突袭分队的“掘蟒首脑”强化升级如何提升掘蟒模型的属性？,Query
丑角有多少个不同的单位,List
科技考古学家的机械教手枪的**S值**和控制权杖的**S值**哪个更高？,Compare
战犬处决者的“处决者”技能在摧毁敌方单位后如何影响附近的敌方单位？,Query
禁忌仪式之主强化升级如何影响灵能仪式的范围？,Query
蛮兽型无畏机甲的“蛮兽钢爪”近战武器有什么攻击数据？,Query
剥皮者的武器有双联效果吗?,Query
黑石浮塔的“引力脉冲”技能在对手移动阶段开始时有什么效果？,Rule
当太空死灵的**“重生协议”被激活时，它如何根据模型是否耐伤低于初始或单位是否低于初始兵力**来恢复模型或增加模型？,Rule
卡塔昌丛林战士的**SV值**和克里格死兵队的**SV值**哪个更高？,Compare
黑暗面纱强化升级的效果是什么？,Query
战锤 40K 的主规则里有多少个通用战略计谋,List
毒刃系列超重型坦克有致命破灭D6+2核心技能吗? ,Query
鲜血碎片强化升级在装备者第一次被消灭时有什么效果？,Query
翔空司战的“不屈意志”技能有什么效果？,Query
风暴战团中，暴风战士的M值和天启战士的M值相比，哪个更高？,Compare
当一队狙击手进行精准射击时，哪些掷骰结果被视为致命一击,Rule
支派武士有哪些具备特定关键词的强化升级的单位,List
艾达灵族有多少专属载具,List
欧安努斯死亡面具强化升级如何影响单位的OC值？,Query
"我想知道, 一个单位在移动的时候,是否可以从对方单位的正上方绕过.",Rule
焚狱者小队的“焚烧灭尽”技能在射击完成后对敌方步兵单位有何影响？,Rule
诺恩使者的巨型镰刀爪的**S值**和巨型撕裂爪的**S值**哪个更高？,Compare
卡迪安突击队的“突击队”技能如何影响目标点的控制？,Query
因卡恩-死神化身有致命破灭 D3核心技能吗? ,Query
复仇女神骑士的“自动修复模式”技能在指挥阶段结束时有什么效果？,Query
增援到来战略技能能让被消灭的兵团步兵单位重新加入军队吗? ,Query
阿里曼的**M值**和红字战士的**M值**哪个更高？,Compare
暴风骑士团有多少专属近战武器,List
当圣血天使的**“炽翼翔空”分队基础能力生效时，在对手回合结束时会发生什么，以及它们在己方移动阶段的增援步骤中如何部署**？,Rule
红魔马格努斯的**W值**和阿里曼的**W值**哪个更高？,Compare
艾达灵族中有哪些具备特定关键词的关键词的单位,List
当一个混沌骑士单位使用**“蔑视弱者”战略技能后，如果攻击它的敌方单位处于战斗震慑状态**，混沌骑士单位将获得什么类型的不觉疼痛效果？ ,Rule
孢子空投仓的“空投降落”技能有什么部署特点？,Query
"太空死灵的“魂骨节点”强化升级为持有者所在单位提供什么技能？, ",Query
支派武士中有哪些可以获得远程武器的单位,List
蝎尾狮火箭炮的风暴鹰火箭有曲射技能吗? ,Query
虚界魔杖强化升级为近战武器增加哪些能力？,Query
当机械修会的**“修造技师”强化升级生效时，它如何影响友军智控军团或机械修会载具模型的保护投掷失败时受到的攻击破坏力**？ ,Rule
碾碎虫豸战略技能在混沌骑士角色单位结束常规移动后如何造成致命伤害？,Rule
带翼奸奇恶魔亲王有深入打击核心技能吗? ,Query
克里格指挥组的等离子手枪（过载）的**S值**和动力武器的**S值**哪个更高？,Compare
艾达灵族军队中有哪些武器拥有[洪流]（Torrent）技能？,List
如果多条规则同时要求一名玩家舍弃一次掷骰的最低/最高掷骰结果，玩家如何结算这些规则？,Rule
终结者旗手的“风暴盾”装备技能如何改变装备者的W值？,Query
审判庭中的审判官有哪些专属武器？,List
凤凰领主有哪些可以使用战斗专注的单位,List
量子偏转战略技能能让太空死灵载具单位具有特殊保护4+吗? ,Query
机械主教的绝灭射线（分散）的**S值**和微型冲锋枪的**S值**哪个更高？,Compare
合成作战兵团分队的“天生战士”基础能力对兵团单位有什么加成？,Query
蛮兽型无畏机甲的**W值**和射手型无畏机甲的**W值**哪个更高？,Compare
刀虫的跳跃者利爪的**S值**和基因窃取者的镰刀利爪的**S值**哪个更高？,Compare
斯扎拉克的**W值**和至尊星神的**W值**哪个更高？,Compare
艾达灵族有多少个巨兽单位,List
暴君护卫的粉碎钳与撕裂爪的**S值**和镰刀爪与撕裂爪的**S值**哪个更高？,Compare
千子军团的圣甲虫终结者单位是否可以装备重型亚空间火焰喷射器或灵魂收割者炮？,Query
剧团长的热熔手枪的**S值**和神经干扰枪的**S值**哪个更高？,Compare
 无魂收割者强化升级能阻止敌方单位撤退吗? ,Query
哪些太空死灵单位拥有【重生协议】技能？,List
荒蝎驱逐者的**SV值**和幽蛇驱逐者的**SV值**哪个更高？,Compare
猩红猎手的“苍穹猎手”技能有什么特殊加成？,Query
泰伦虫族的“亚空间阴影”种族规则是怎么运作的？,Query
利刃战士的能量剑S值和光热斩斧的S值哪个更高？,Compare
混沌骑士的**“命运之镜”强化升级如何影响指挥重掷战略技能的CP消耗**，以及它如何影响对手使用战略技能的CP消耗？ ,Rule
灵魂先知的“灵魂印记”技能有什么效果？,Query
地狱犬的狱火炮的**S值**和热熔炮的**S值**哪个更高？,Compare
"我有一个问题,当混沌星际战士联军死亡守卫的瘟疫战士时, 瘟疫战士射击后,对方单位会被视为被感染吗?",Rule
千子维护者坦克的粉碎炮的**S值**和千子污染者的憎火裂解者手枪的**S值**哪个更高？,Compare
阿苏焉尼有哪些具备特定关键词的战斗专注的单位,List
当千子军团的巫师模型尝试具现灵能仪式时，如果掷骰结果中出现双骰或三骰，该模型所在单位会受到什么影响？ ,Rule
"一个载具单位处于对方一个单位A的近战范围内,在接下来的对方移动阶段,对面的单位 B 移动到他的 24 寸内, 这个载具单位可以使用警戒射击吗?",Rule
工造修士的“机神祝福”技能如何恢复机械修会模型的耐伤？,Query
地狱犬的**T值**和野牛装甲车的**T值**哪个更高？,Compare
幽蛇驱逐者的**M值**和荒蝎驱逐者的**M值**哪个更高？,Compare
圣甲虫终结者的“聚合仪式”技能如何减少攻击的致伤掷骰结果？,Query
灵族中有哪些单位可以进行远程打击,List
拥有“独行特工”技能的单位（例如独角）在什么条件下可以被远程攻击选中？,Rule
使用“警戒射击”计谋进行攻击时，命中掷骰有什么特殊限制？,Rule
灵能学院中有哪些人物模型可以施放恢复法术,List
脑虫的“吸魂凝视”【光环，灵能】技能在敌方单位战斗震撼测试失败时有什么效果？,Query
古墓指挥艇的“复活宝珠”装备技能有何效果？,Query
在移动一个模型时，如果它需要转向，转向值如何计算和扣除？,Query
铁血骑士的等离子剑AP值和星辰骑士的能量斧AP值相比哪个更高？,Compare
技术牧师工造士的**W值**和卡迪安突击队的**W值**哪个更高？,Compare
格瑞马都斯牧师的**W值**和帝皇冠军的**W值**哪个更高？,Compare
族群领主的族群领主利爪的**S值**和神经利卡特的穿刺利爪的**S值**哪个更高？,Compare
暗夜魔女的爆裂箭和火焰箭哪个射程更远？,Compare
摩崔克斯寄生者的产卵针刺的**S值**和利爪肢体的**S值**哪个更高？,Compare
音波炮平台的**W值**和伊芙蕾尼-生命之仆的**W值**哪个更高？,Compare
在《战锤40000》中，如果一个单位使用了【重型】武器进行攻击，但其单位在本回合中没有保持静止，命中掷骰结果会如何变化？,Rule
太空死灵的“觉醒王朝”分队基础能力是什么？,Query
西卡留斯连长的**W值**和文崔斯连长的**W值**哪个更高？,Compare
除了标准重步兵，死灵军团还拥有哪些重装单位？,List
午夜寿衣的**W值**和超维方舟的**W值**哪个更高？,Compare
泰伦虫族有哪些T值高于10的巨兽单位？,List
千子军团的**“狂热机兵”**战略技能允许红字单位在撤退后进行射击和冲锋吗？,Query
奇美拉装甲车的“机动指挥车”技能有何效果？,Query
"在暗夜魔女能装备的曲射武器里,那种武器射程最远",Compare
血色收割者投掷飞斧的S值和掠夺者投掷长矛的S值哪个更高？,Compare
 歼灭者型猎食者坦克的猎食者双联激光炮的**S值**和风暴爆弹枪的**S值**哪个更高？,Compare
战犬天命者的“保护协议”技能有什么独特之处？,Query
幽冥构造体有哪些具备远程武器的单位,List
粉碎践踏者分队的“备用腺体”强化升级在何种条件下可以进行近战攻击？,Query
圣吉列斯之怒战略技能如何使单位在加速后可以进行射击和冲锋？,Query
如果圣血天使的**“命定牺牲”强化升级触发，需要投出什么结果才能重新部署到战场上，并且恢复多少耐伤？,Rule
审判骑士的等离子加农炮和光束喷射器哪个S值更高？,Compare
当混沌骑士的**“超重型机甲”技能允许其在敌方接战范围内移动时，它有哪些限制**？,Rule
如果一个混沌骑士单位在移动阶段中穿越高度大于4寸的地形，它需要进行什么测试，以及可能的后果是什么？,Rule
泰伦虫后使用的毒液爪S值和王爪的S值哪个更高？,Compare
集中命令战略技能可以指定多少个军官单位？,Query
艾达灵族有哪些骑乘单位,List
莱凯丝有深入打击核心技能吗? ,Query
焚化协议战略技能如何使喷射武器获得【毁灭伤害】技能？,Query
幽冥领主的“宿命英雄”技能效果是什么？,Query
网道幽灵分队有多少个战略技能,List
千子军团智库密会分队的**“念力投掷”**战略技能投掷多少枚D6造成致命伤害？,Query
千子军团的“操纵命运”灵能仪式如何提升武器的护甲穿透属性**？ ,Query
奸角兽开悟者的“厄运预言”技能在完成冲锋移动后会造成什么伤害？,Query
艾达灵族有哪些支派武士,List
在废墟地形中，模型之间的可见性如何判断，尤其是当模型位于废墟内部或外部时？,Rule
精妙计算战略技能如何使机神律令的两条律令同时生效？,Query
射手型无畏机甲的射手激光炮的**S值**和射手导弹发射器（破片）的**S值**哪个更高？,Compare
支派武士有哪些拥有近战武器的单位,List
歼灭者型猎食者坦克的“歼灭者”技能如何影响对巨兽或载具单位的攻击？,Query
超维方舟的高斯炮的**AP值**和特斯拉炮的**AP值**哪个更高？,Compare
凤凰领主中有哪些具有飞行关键字？,List
卡迪安突击队的喷火器的**S值**和热熔枪的**S值**哪个更高？,Compare
雷马特斯的“迷失者守护人”技能如何降低敌方攻击的D值？,Query
正义远征军分队的“圣堂骑士誓言”中，“捍卫帝皇荣光”的效果是什么？,Query
当一个在战斗中被摧毁的模型通过规则返回单位时，它是否会回复所有失去的耐伤？,Rule
翼龙军天猎兵的“热流驭手”技能在射击完成后有什么移动效果？,Query
星界军的欧格林小队单位拥有【不知疼痛6+】技能吗？,Query
阿加通连长的萨拉曼德战锤的**S值**和格斗武器的**S值**哪个更高？,Compare
混沌星际战士有多少个巨兽人物,List
一把热能剑的AP值为-2，攻击护甲等级为3+的单位时，哪些投掷结果能穿透护甲造成伤害,Rule
"我有一个问题, 我使用的是灰骑士 CODEX, 如果我有一个动作需要在对手的回合阶段结束,那么他还能触发无限之门能力吗?",Rule
星界军的“指挥之声”技能可以在何时下达命令？,Query
天蝎座粉碎者坦克的“动力场”技能如何增强对近战攻击的豁免？,Query
毒烟虫的剧毒触手的**S值**和孢子兽的甲壳肢体的**S值**哪个更高？,Compare
当一名司战带领一队突击蝎单位时，他可以获得那些关键字,Query
艾达灵族有哪些凤凰领主,List
肆虐者骑士的黑焰矛的**S值**和恶魔重机枪的**S值**哪个更高？,Compare
近战阶段开始时，丑角剧团可以使用哪些能力,Rule
蛮兽型无畏机甲的蛮兽爆弹步枪的**AP值**和蛮兽铁拳的**AP值**哪个更高？,Compare
骑士领主的雷霆战锤AP值和振荡长矛AP值哪个更高？,Compare
泰伦虫群中有哪些能使用重型武器的单位,List
"当一队单位用曲射武器去射击对方单位时, 哪些命中骰子的结果被视为命中",Rule
关于波蛇飞艇的“严重损伤”技能：当其耐伤值降低到多少时会触发什么效果？,Rule
千子军团的毁灭巫术战略技能增加灵能武器射程多少寸,Query
星界军的九头蛇高射炮的**“高射炮”**技能在攻击飞行单位时允许重投命中掷骰吗？,Query
 千子军团的奸奇恶魔亲王的**“奸奇幻像”**光环技能为己方千子军团步兵单位提供【隐匿】技能吗？,Query
不惧强敌战略技能能重投巨兽或载具单位的造伤结果吗? ,Query
红魔马格努斯的马格努斯凝视的**S值**和奸奇火焰风暴的**S值**哪个更高？,Compare
艾达灵族有哪些单位可以使用手雷技能,List
装甲哨兵的“哨兵链锯”近战武器的属性是什么？,Query
幽冥构造体有多少个强化升级,List
纳米重组协议战略技能能降低攻击的伤害属性吗?,Query
生物学药剂师的赦免者爆弹手枪的**S值**和格斗武器的**S值**哪个更高？,Compare
渗透者小队的“信号干扰”技能对援军入场的敌方单位有何限制？,Query
凤凰领主有哪些可以使用战略技能的单位,List
黑暗天使有哪些能够隐形的单位,List
狂热机兵战略技能允许红字单位在撤退后进行什么行动？,Query
"一把 S8 的武器去攻击一个 T4 的单位,哪些造伤结果会被视为成功造伤?",Rule
国教牧师的**W值**和政委的**W值**哪个更高？,Compare
千子军团中，哪些机甲单位拥有致命破灭D3技能？,List
石化蜥蜴自行火炮的**W值**和蝎尾狮火箭炮的**W值**哪个更高？,Compare
高斯巨石碑的“相位转移场”【光环】效果是什么？,Query
原体之速强化升级如何使装备者所在单位获得【先攻】？,Query
"我想知道,当死亡守卫的一个单位射击一个对方单位,对方单位有 3 个模型位于死亡守卫的传染光环内, 第一把武器射击掉 3 个模型,对面把这三个模型拔出,当第二把武器射击时,对方单位还视为被感染吗?",Rule
当机械修会的**“圣灵披风”强化升级生效时，的破坏力会如何变化？,Query
太空狼有哪些近战武器？,List
艾达灵族中有哪些具备特定关键词的近战武器的单位,List
桥头堡突击队分队的“精准空投”战略技能有什么部署限制？,Query
当一个太空死灵单位使用“纳米重组协议”战略技能时，攻击的伤害属性会如何变化？,Rule
恶化机魂战略技能如何使载具单位忽略修正？,Query
兵虫巢母的毒针弹幕的**S值**和大型镰刀爪的**S值**哪个更高？,Compare
混沌骑士团有哪些能够飞行的骑乘单位,List
控电神甫的“磁力场”技能为领导的单位装备的武器增加什么能力？,Query
次元圣所强化升级能让持有者所在单位获得渗透者技能吗?,Query
攻城战兵团分队的“烧夷轰炸”炮火支援如何影响敌方单位？,Query
脑虫的灵能冲击（普通）的**S值**和尖牙利爪的**S值**哪个更高？,Compare
装备跳跃背包的死亡连连长的“黑怒”技能在何种条件下会使单位OC变为0？,Query
凤凰领主有哪些可以装备关键词的单位,List
亚空间猎手强化升级在何种条件下可以将携带者移出战场？,Query
命令重投技能可以重投哪些骰子的结果?,Rule
泰伦虫群有哪些适合突袭的近战单位,List
纯净分支有多少种精英单位,List
黑暗灵族的哪些分队可以联军丑角单位,List
元帅的**W值**和堡主的**W值**哪个更高？,Compare
刽子手的镰刀爪的**S值**和骨刀的**S值**哪个更高？,Compare
战犬猎手的“猎手”技能对巨兽或载具单位攻击时有什么重掷效果？,Query
带翼奸奇恶魔亲王的“灵魂猎手”技能在摧毁角色单位后有什么恢复效果？,Query
原体之速强化升级能让单位获得先攻吗? ,Query
艾达灵族中有哪些具备武器的单位,List
黑暗天使有哪些能够隐形的单位？,List
支派武士分队有多少个强化升级,List
星界军阵营中，哪些超重型坦克拥有致命破灭D6+2核心技能？ ,List
护教军游猎兵的**W值**和护教军先锋兵的**W值**哪个更高？,Compare
九头蛇高射炮的“高射炮”技能对飞行单位攻击时有什么加成？,Query
“阶段外规则”中，当一个单位使用“警戒射击”计谋时，它能否触发自身在“己方射击阶段中，该单位进行射击后”触发的技能？,Rule
离子炮兽的生化电浆炮的**S值**和强壮肢体的**S值**哪个更高？,Compare
铁父费罗斯的戈尔贡之怒的**S值**和齿轮之斧的**S值**哪个更高？,Compare
关于“快速掷骰”：在什么情况下不能使用快速掷骰？,Rule
机械修会的“机神律令”中，“守护律令”有什么效果？,Query
帝国守卫中有哪些载具可装备火山炮？,List
人类冠军强化升级能让领导的单位忽视属性修正吗? ,Query
猛攻先锋分队的“远征触须”基础能力对入侵先锋单位有什么额外移动效果？,Query
西卡利安渗透者的“代码之声”技能在近战阶段开始时有什么触发效果？,Query
关于战略预备队：在第二战斗轮次中，战略预备队单位可以在战场上部署在哪些位置？,Rule
艾达灵族有哪些飞行步兵,List
绿皮兽人的步兵单位中，有哪些单位的OC大于1,List
骑乘单位有哪些专属的远程武器的单位,List
"当一个玩家可以重投一个单位的所有命中时,他可以选择重投哪些已经成功命中的骰子吗?",Rule
精工护甲强化升级能提供不知疼痛5+技能吗? ,Query
装备复合武器的先锋军副官的复合武器的**S值**和一对淬毒战斗刀的**S值**哪个更高？,Compare
死神军中有哪些具备特定关键词的近战武器的单位,List
死神军有哪些可以使用斥候技能的单位,List
宏墓要塞的**T值**和古墓方尖碑的**T值**哪个更高？,Compare
战犬猎手的魔息矛的**S值**和魔息热熔枪的**S值**哪个更高？,Compare
"当一把带有’精准’关键字的武器攻击一个联合单位, 由这个联合单位的哪个模型开始投掷保护骰子?",Rule
关于幽冥之刃的“恶怨亡魂”技能：当幽冥之刃单位中的模型被近战攻击消灭时，其如何进行反击？,Rule
渎神者骑士的死神链锯剑（横扫）的**S值**和冥神攻城爪（猛击）的**S值**哪个更高？,Compare
 终结者小队的风暴爆弹枪的**A值**和动力拳的**A值**哪个更高？,Compare
当两个或更多规则需要同时进行结算时，如何决定结算顺序？,Rule
石化蜥蜴自行火炮的憾地炮的**射程**和蝎尾狮火箭炮的风暴鹰火箭的**射程**哪个更远？,Compare
丑角可以装备哪些近战武器？,List
精金披风强化升级如何降低分配给装备者的攻击破坏力？,Query
剑卫旗手的精工动力武器的**S值**和重型爆弹手枪的**S值**哪个更高？,Compare
混沌骑士的“恐惧使者”阵营技能中，“绝望”光环是否可以与“夺魂惊悚”叠加？,Query
永恒守卫协议战略技能可以在一个太空死灵步兵角色模型被摧毁时使用吗? ,Query
御风者单位的“破灭疾风”技能具体效果是什么？,Query
奸奇之触战略技能如何使奸奇变异体单位在加速回合射击和冲锋？,Query
工造修士的**W值**和控电神甫的**W值**哪个更高？,Compare
虚界魔杖强化升级能让近战武器获得毁灭伤害能力吗? ,Query
支派武士有哪些拥有关键词的单位,List
一支步兵连在指挥阶段损失了4个模型，是否需要进行战斗震慑测试,Rule
 西卡留斯连长的不败者的**S值**和伊代奥斯之剑的**S值**哪个更高？,Compare
暗影先知的“梦境迷雾（灵能）”技能有什么效果？,Query
首席智库墨菲斯顿有独行特工核心技能吗? ,Query
"当一个单位加速后,他还能使用手雷技能吗?",Rule
斯扎拉克的**T值**和伊莫泰克的**T值**哪个更高？,Compare
狂嚎女妖的**W值**和战巫密会的**W值**哪个更高？,Compare
"在总规则里,有规定游戏要进行多少轮吗?",Query
射手型无畏机甲的“射手轰炸”技能在何时可以重投命中结果？,Query
战巫密会和先知单位组成的联合单位，战巫议会的“保护（灵能）”技能如何生效？,Rule
当机械修会的“机械主宰”强化升级生效时，它如何影响12寸内敌方载具单位的领导力测试和射击能力**？,Rule
当一个星界军单位进行了加速后，它还能否使用手雷技能？ ,Rule
铁砧攻坚部队分队的“战斗锤炼”战略技能在什么条件下使射击攻击视为暴击？,Query
控电神甫的电磁长枪的**S值**和超音波炮的**S值**哪个更高？,Compare
心灵统治战略技能在被攻击单位上有什么防护效果？,Query
千子军团的“巫师密会”规则在什么时候可以尝试具现灵能仪式？,Rule
基因窃取者教派的杀手种有斥候能力吗?,Query
卡迪安指挥组的等离子手枪（过载）的**S值**和榴弹发射器（破片）的**S值**哪个更高？,Compare
千子混沌卵有不觉疼痛5+核心技能吗? ,Query
灵魂先知的“伊莎之泪（灵能）”技能有什么效果？,Query
帝国有哪些类型的防御工事,List
骑乘单位中有哪些具备特定关键词的光环能力的单位,List
骑乘单位有哪些具备特定关键词的战略技能的单位,List
惩戒者骑士的复仇者加特林的**S值**和屠夫链锯炮的**S值**哪个更高？,Compare
在圣血天使阵营的解放者突击队分队中，哪些强化升级能使单位获得先攻技能？ ,List
死神军有哪些可以使用武器的单位,List
终结者巫师的“命运印记”技能在射击后对敌方单位有何影响？,Query
国教牧师的“战争圣歌”技能为近战武器增加什么能力？,Query
"当千面带领一个单位时, 他会获得什么能力",Rule
丑角有多少个光环能力,List
贝利撒留考尔的“机神颂歌”技能有什么效果？,Query
蝎尾狮火箭炮的“怒火轰炸”技能如何降低敌方单位的OC值？,Query
变异地形战略技能如何影响目标点的控制？,Query
"在玩家的指挥阶段中,一名玩家要进行哪些操作?",Rule
翼龙军净炎兵的**W值**和西多尼亚龙骑兵的**W值**哪个更高？,Compare
幽冥构造体有多少个远程武器,List
永恒守卫协议战略技能的使用对象是什么？,Query
政委的“战场枪决”技能如何消除友军单位的【被震慑】状态？,Query
荣誉战士强化升级在摧毁敌方角色单位后有什么效果？,Rule
凤凰领主中有哪些具备斥候技能的单位,List
星界军阵营中，哪些军官模型拥有指挥之声能力？ ,List
当机械修会单位使用辐射废土兵团的分队基础能力时，位于对方部署区的敌方单位在选择躲避轰炸时，造伤结果和震慑状态会受到什么影响？ ,Rule
枪虫的食肉枪的**S值**和枪虫射针拳的**S值**哪个更高？,Compare
穿越间隔战略技能如何为红字战士或圣甲虫终结者单位提供【深入打击】能力？,Query
突击终结者小队的**W值**和终结者小队的**W值**哪个更高？,Compare
死亡连小队有不知疼痛6+核心技能吗? ,Query
神经利卡特的武器有精准关键字吗?,Query
剥皮者的**W值**和三圣禁卫的**W值**哪个更高？,Compare
炼狱长枪分队的**“恶魔之力”**技能可以让武器获得【致命一击】或【连击1】中的哪一个？,Query
自动神谕检索战略技能在何种条件下增加射击【探索目标】范围内敌方单位的造伤结果？,Query
在第三战斗轮次及之后，战略预备队单位可以在战场上部署在哪些位置？,Rule
黑暗灵族的痛苦印记可以在哪些阶段使用，效果是什么？,Query
混沌骑士的哪些**“恐惧”技能被明确标记为光环（Aura）**技能？,List
天巫的双联重型毒液炮的**S值**和双联重型绞藤炮的**S值**哪个更高？,Compare
