{
  "is_trained": true,
  "label_set": [
    "B-WHICH",
    "I-FACTION",
    "B-HAVE",
    "B-ATTR",
    "I-COMPARE",
    "B-UNIT_KWS",
    "B-CHANGE",
    "I-HOWMANY",
    "I-SKILL",
    "I-NUMBER",
    "B-NEGATIVE",
    "I-PHASE",
    "I-NEGATIVE",
    "B-RESULT",
    "B-SKILL_TYPE",
    "B-WEAPON",
    "I-CHANGE",
    "I-ATTR",
    "I-CONDITION",
    "B-THRESHOLD",
    "B-WHEN",
    "B-ATTACK_TYPE",
    "I-ATTACK_TYPE",
    "O",
    "I-THRESHOLD",
    "I-UNIT_KWS",
    "B-PHASE",
    "B-HOWMANY",
    "B-FACTION",
    "B-UNIT_TYPE",
    "I-BOOL",
    "I-RESULT",
    "I-TRIGGER",
    "B-TRIGGER",
    "I-UNIT",
    "I-UNIT_TYPE",
    "B-NUMBER",
    "I-WHEN",
    "B-BOOL",
    "B-TERM",
    "I-WEAPON_KWS",
    "I-ACTION",
    "B-SKILL",
    "B-COMPARE",
    "I-SKILL_TYPE",
    "B-CONDITION",
    "B-WEAPON_KWS",
    "B-COMPARE_WITH",
    "I-HAVE",
    "I-WEAPON",
    "B-ACTION",
    "I-WHICH",
    "B-PASSIVE",
    "B-UNIT",
    "I-TERM"
  ],
  "slot_names": [
    "RESULT",
    "FACTION",
    "NUMBER",
    "PHASE",
    "UNIT_KWS",
    "THRESHOLD",
    "CHANGE",
    "WHEN",
    "UNIT",
    "PASSIVE",
    "CONDITION",
    "HOWMANY",
    "COMPARE",
    "ATTR",
    "TRIGGER",
    "TERM",
    "WHICH",
    "ACTION",
    "SKILL",
    "UNIT_TYPE",
    "COMPARE_WITH",
    "WEAPON",
    "HAVE",
    "NEGATIVE",
    "ATTACK_TYPE",
    "BOOL",
    "SKILL_TYPE",
    "WEAPON_KWS"
  ],
  "config": {
    "intent_data_path": "intent_training/data/raw/intent_sample.csv",
    "slot_data_path": "intent_training/data/raw/slot_sample.conll",
    "golden_test": {
      "intent_data_path": "intent_training/data/golden_test/intent_test.csv",
      "slot_data_path": "intent_training/data/golden_test/slot_test.conll"
    },
    "test_size": 0.2,
    "val_size": 0.1,
    "random_state": 42,
    "stratify": true,
    "min_query_length": 3,
    "max_query_length": 200,
    "min_sentence_length": 2,
    "max_sentence_length": 100,
    "feature_type": "pa",
    "intent_feature": {
      "max_features": 1000,
      "ngram_range": [
        1,
        2
      ],
      "min_df": 1,
      "analyzer": "char",
      "intent_tfidf": "intent_tfidf.pkl"
    },
    "slot_feature": {
      "max_features": 1000,
      "ngram_range": [
        1,
        2
      ]
    },
    "advanced_feature": {
      "enhanced": {
        "use_sentence_embedding": true,
        "sentence_model": "shibing624/text2vec-base-chinese",
        "network_timeout": 30,
        "allow_offline": true,
        "fallback_to_zero": true
      },
      "vocab_dir": "dict/wh40k_vocabulary",
      "basic_keywords": [
        "战锤",
        "40k",
        "wh40k"
      ],
      "tfidf": {
        "max_features": 1500,
        "ngram_range": [
          1,
          3
        ],
        "min_df": 1,
        "analyzer": "char"
      },
      "complexity": {
        "max_sentence_length": 20.0,
        "long_word_threshold": 4,
        "very_long_word_threshold": 6,
        "punctuation_threshold": 10.0,
        "weight_length": 0.25,
        "weight_unique": 0.25,
        "weight_long_word": 0.25,
        "weight_punctuation": 0.25
      },
      "complexity_feature": {
        "enabled": true
      },
      "statistical": {
        "long_word_threshold": 4,
        "very_long_word_threshold": 6
      },
      "punctuation": {
        "question_exclamation": "？？!！",
        "brackets": "（）【】",
        "others": "：；，。",
        "all_punctuation": "，。！？；：（）【】"
      },
      "pa_feature_weights": {
        "char_weight": 1.2,
        "semantic_weight": 1.8,
        "statistical_weight": 1.5,
        "complexity_weight": 1.5,
        "sentence_weight": 0.5
      },
      "ad_feature_weights": {
        "char_weight": 1.2,
        "semantic_weight": 1.8,
        "statistical_weight": 1.5,
        "sentence_weight": 0.5
      },
      "evilgood_feature": {
        "malicious_weight": 0.0001,
        "helper_weight": 0.9,
        "malicious_patterns": [
          "我不想知道",
          "不要告诉我",
          "别说出来",
          "不想知道",
          "别说了",
          "闭嘴",
          "不要回答",
          "别回答",
          "我不想听",
          "不要解释",
          "别解释",
          "不想了解",
          "不要说明",
          "别说明",
          "不想查询",
          "不要查询",
          "不想听你解释",
          "别跟我说",
          "不说",
          "别告诉我",
          "别说",
          "别跟我说",
          "没兴趣了解"
        ],
        "helper_patterns": [
          "我想知道",
          "告诉我",
          "回答我",
          "请回答",
          "帮我查一下",
          "能否说明",
          "请解释",
          "帮我看看",
          "能否告诉我",
          "请告诉我",
          "帮我查询",
          "能否查询",
          "我有个问题",
          "我有个疑问",
          "我有个困惑",
          "我有个不解"
        ]
      },
      "intent_keywords": {
        "compare": [
          "哪个",
          "相比",
          "比较",
          "更",
          "最高",
          "最低",
          "最远",
          "最近",
          "最长",
          "最短",
          "哪个更高",
          "哪个更低",
          "哪个更好",
          "哪个更差",
          "哪个更小",
          "哪个更大"
        ],
        "list": [
          "有哪些",
          "多少个",
          "列举",
          "哪些",
          "多少种",
          "什么类型",
          "什么种类",
          "什么单位",
          "什么武器",
          "什么技能"
        ],
        "query": [
          "什么是",
          "如何",
          "解释",
          "说明",
          "定义",
          "是什么",
          "什么意思",
          "怎么用",
          "怎么触发",
          "怎么计算",
          "是啥",
          "告诉我",
          "我想知道",
          "帮我查一下",
          "请解释",
          "能否说明"
        ],
        "rule": [
          "什么情况下",
          "如何触发",
          "规则",
          "何时",
          "条件",
          "当...时",
          "在...时",
          "在...后",
          "什么时候",
          "什么条件",
          "什么要求",
          "什么限制",
          "如果...那么",
          "当...的时候",
          "在...的情况下",
          "需要满足",
          "必须满足"
        ]
      }
    },
    "model": {
      "intent_classifier": "intent_classifier.pkl",
      "sequence_slot_filler": "sequence_slot_filler.pkl"
    },
    "classifier": {
      "type": "logistic",
      "random_state": 42,
      "logistic": {
        "max_iter": 1000,
        "C": 1.0,
        "penalty": "l2",
        "solver": "lbfgs"
      },
      "svm": {
        "C": 1.0,
        "kernel": "rbf",
        "gamma": "scale",
        "probability": true,
        "max_iter": 1000
      },
      "random_forest": {
        "n_estimators": 100,
        "max_depth": 10,
        "min_samples_split": 2,
        "min_samples_leaf": 1
      },
      "ensemble": {
        "base_classifiers": [
          "logistic",
          "svm",
          "random_forest"
        ],
        "voting_method": "soft",
        "weights": [
          0.7,
          0.2,
          0.1
        ]
      },
      "class_weights": {
        "Query": 2.0,
        "List": 1.0,
        "Compare": 1.5,
        "Rule": 1.2
      }
    },
    "slot_buffer_max_size": 1000,
    "slot_classifier_type": "logistic",
    "slot_classifier_max_iter": 200,
    "model_output_dir": "intent_training/model_output/",
    "report_path": "intent_training/report/",
    "uncertainty": {
      "review_threshold": 0.5,
      "auto_confidence_threshold": 0.85,
      "methods": [
        "entropy",
        "confidence",
        "margin"
      ],
      "combined_weight": {
        "entropy": 0.4,
        "confidence": 0.4,
        "margin": 0.2
      },
      "buffer_max_size": 1000
    },
    "evaluation": {
      "run_evaluation": true,
      "intent_classifier": {
        "enabled": true,
        "threshold": 0.9
      },
      "sequence_slot_filler": {
        "enabled": true,
        "threshold": 0.5
      },
      "export": {
        "enabled": true,
        "export_dir": "models/",
        "override": true
      }
    }
  }
}