{
    "summary_metrics": {
        "frame_accuracy": 0.0,
        "intent_accuracy": 0.8333333333333334,
        "slot_f1_report": {
            "ACTION": {
                "precision": 0.375,
                "recall": 0.15789473684210525,
                "f1-score": 0.22222222222222218,
                "support": 38
            },
            "ATTR": {
                "precision": 0.0,
                "recall": 0.0,
                "f1-score": 0.0,
                "support": 15
            },
            "BOOL": {
                "precision": 0.6428571428571429,
                "recall": 0.5,
                "f1-score": 0.5625000000000001,
                "support": 18
            },
            "COMPARE": {
                "precision": 0.6666666666666666,
                "recall": 0.3333333333333333,
                "f1-score": 0.4444444444444444,
                "support": 6
            },
            "COMPARE_WITH": {
                "precision": 0.0,
                "recall": 0.0,
                "f1-score": 0.0,
                "support": 0
            },
            "CONDITION": {
                "precision": 0.16666666666666666,
                "recall": 0.08333333333333333,
                "f1-score": 0.1111111111111111,
                "support": 12
            },
            "FACTION": {
                "precision": 0.8333333333333334,
                "recall": 0.25,
                "f1-score": 0.3846153846153846,
                "support": 20
            },
            "HAVE": {
                "precision": 0.7333333333333333,
                "recall": 0.6111111111111112,
                "f1-score": 0.6666666666666666,
                "support": 18
            },
            "HOWMANY": {
                "precision": 0.5263157894736842,
                "recall": 0.8333333333333334,
                "f1-score": 0.6451612903225806,
                "support": 12
            },
            "NEGATIVE": {
                "precision": 0.0,
                "recall": 0.0,
                "f1-score": 0.0,
                "support": 1
            },
            "NUMBER": {
                "precision": 0.0,
                "recall": 0.0,
                "f1-score": 0.0,
                "support": 8
            },
            "PASSIVE": {
                "precision": 1.0,
                "recall": 0.5,
                "f1-score": 0.6666666666666666,
                "support": 2
            },
            "PHASE": {
                "precision": 1.0,
                "recall": 0.2,
                "f1-score": 0.33333333333333337,
                "support": 10
            },
            "RESULT": {
                "precision": 0.0,
                "recall": 0.0,
                "f1-score": 0.0,
                "support": 9
            },
            "SKILL": {
                "precision": 0.0,
                "recall": 0.0,
                "f1-score": 0.0,
                "support": 21
            },
            "SKILL_TYPE": {
                "precision": 1.0,
                "recall": 0.35294117647058826,
                "f1-score": 0.5217391304347826,
                "support": 17
            },
            "TERM": {
                "precision": 1.0,
                "recall": 0.07692307692307693,
                "f1-score": 0.14285714285714288,
                "support": 13
            },
            "THRESHOLD": {
                "precision": 0.0,
                "recall": 0.0,
                "f1-score": 0.0,
                "support": 0
            },
            "UNIT": {
                "precision": 0.4090909090909091,
                "recall": 0.16071428571428573,
                "f1-score": 0.23076923076923078,
                "support": 56
            },
            "UNIT_KWS": {
                "precision": 0.0,
                "recall": 0.0,
                "f1-score": 0.0,
                "support": 2
            },
            "UNIT_TYPE": {
                "precision": 0.0,
                "recall": 0.0,
                "f1-score": 0.0,
                "support": 2
            },
            "WEAPON": {
                "precision": 0.2,
                "recall": 0.07692307692307693,
                "f1-score": 0.1111111111111111,
                "support": 13
            },
            "WEAPON_KWS": {
                "precision": 0.0,
                "recall": 0.0,
                "f1-score": 0.0,
                "support": 4
            },
            "WHAT": {
                "precision": 0.0,
                "recall": 0.0,
                "f1-score": 0.0,
                "support": 6
            },
            "WHEN": {
                "precision": 0.5,
                "recall": 0.2857142857142857,
                "f1-score": 0.36363636363636365,
                "support": 14
            },
            "WHICH": {
                "precision": 0.6666666666666666,
                "recall": 0.25,
                "f1-score": 0.36363636363636365,
                "support": 8
            },
            "micro avg": {
                "precision": 0.45454545454545453,
                "recall": 0.2153846153846154,
                "f1-score": 0.2922755741127349,
                "support": 325
            },
            "macro avg": {
                "precision": 0.3738434810803231,
                "recall": 0.17970083652686655,
                "f1-score": 0.22194117160874632,
                "support": 325
            },
            "weighted avg": {
                "precision": 0.4549117198590883,
                "recall": 0.2153846153846154,
                "f1-score": 0.27004487301337016,
                "support": 325
            }
        }
    },
    "per_sample_results": [
        {
            "text": "死亡守卫的哪些单位有斥候关键字",
            "true_intent": "List",
            "pred_intent": "List",
            "true_slots": [
                "B-FACTION",
                "O",
                "B-WHICH",
                "B-UNIT",
                "B-HAVE",
                "B-SKILL",
                "B-SKILL_TYPE"
            ],
            "pred_slots": [
                "B-FACTION",
                "O",
                "B-HOWMANY",
                "B-UNIT",
                "B-HAVE",
                "B-RESULT",
                "I-RESULT"
            ],
            "intent_confidences": {
                "Compare": 4.965882054241002e-05,
                "List": 0.9925932244196736,
                "NON40K": 0.0004607321310282609,
                "Query": 0.006838790735493319,
                "Rule": 5.759389326251596e-05
            }
        },
        {
            "text": "太空死灵有哪些单位可以被死灵霸主领导",
            "true_intent": "List",
            "pred_intent": "List",
            "true_slots": [
                "B-FACTION",
                "B-HAVE",
                "B-WHICH",
                "B-UNIT_TYPE",
                "O",
                "B-PASSIVE",
                "B-UNIT",
                "B-ACTION"
            ],
            "pred_slots": [
                "O",
                "B-HAVE",
                "B-HOWMANY",
                "B-UNIT",
                "B-BOOL",
                "B-PASSIVE",
                "B-ACTION",
                "I-ACTION"
            ],
            "intent_confidences": {
                "Compare": 1.8252419104940996e-05,
                "List": 0.9983013511512079,
                "NON40K": 0.00010049955674155722,
                "Query": 0.0013378271842175071,
                "Rule": 0.000242069688727919
            }
        },
        {
            "text": "吞世者军团的狂战士有哪些能力?",
            "true_intent": "List",
            "pred_intent": "List",
            "true_slots": [
                "B-FACTION",
                "I-FACTION",
                "O",
                "B-UNIT",
                "B-HAVE",
                "B-HOWMANY",
                "B-SKILL",
                "O"
            ],
            "pred_slots": [
                "B-UNIT",
                "I-UNIT",
                "O",
                "O",
                "B-HAVE",
                "B-HOWMANY",
                "B-BOOL",
                "O"
            ],
            "intent_confidences": {
                "Compare": 0.0017329715818666484,
                "List": 0.9202438480215066,
                "NON40K": 0.006220820707673471,
                "Query": 0.07031472027649968,
                "Rule": 0.0014876394124536468
            }
        },
        {
            "text": "艾达灵族的战火军阵分队规则是什么?",
            "true_intent": "Query",
            "pred_intent": "Query",
            "true_slots": [
                "B-FACTION",
                "O",
                "B-TERM",
                "B-TERM",
                "B-RESULT",
                "I-RESULT",
                "O"
            ],
            "pred_slots": [
                "B-FACTION",
                "O",
                "O",
                "O",
                "O",
                "B-HOWMANY",
                "O"
            ],
            "intent_confidences": {
                "Compare": 0.0016293698934212268,
                "List": 0.0010511277304410542,
                "NON40K": 0.011081465124934855,
                "Query": 0.9569123608525224,
                "Rule": 0.029325676398680552
            }
        },
        {
            "text": "战斗修女的军队规则是什么?",
            "true_intent": "Query",
            "pred_intent": "Query",
            "true_slots": [
                "B-FACTION",
                "O",
                "B-TERM",
                "B-RESULT",
                "I-RESULT",
                "O"
            ],
            "pred_slots": [
                "B-UNIT",
                "O",
                "O",
                "O",
                "B-HOWMANY",
                "O"
            ],
            "intent_confidences": {
                "Compare": 0.0043199701064407245,
                "List": 0.0003407502230547993,
                "NON40K": 0.014809038840635065,
                "Query": 0.9688018571900356,
                "Rule": 0.01172838363983383
            }
        },
        {
            "text": "在近战阶段开始的时候, 伊芙蕾尼可以使用哪些能力?",
            "true_intent": "Rule",
            "pred_intent": "Rule",
            "true_slots": [
                "B-WHEN",
                "B-PHASE",
                "B-CONDITION",
                "I-CONDITION",
                "I-CONDITION",
                "O",
                "B-UNIT",
                "B-BOOL",
                "B-ACTION",
                "B-HOWMANY",
                "B-SKILL_TYPE",
                "O"
            ],
            "pred_slots": [
                "B-WHEN",
                "B-PHASE",
                "B-CONDITION",
                "I-CONDITION",
                "I-CONDITION",
                "O",
                "O",
                "O",
                "B-ACTION",
                "B-HOWMANY",
                "I-HOWMANY",
                "I-BOOL"
            ],
            "intent_confidences": {
                "Compare": 0.002032033847133914,
                "List": 0.08645375033026399,
                "NON40K": 0.0006170102414609694,
                "Query": 0.40022482740904014,
                "Rule": 0.510672378172101
            }
        },
        {
            "text": "艾达灵族光矛的 S 值和死亡守卫死亡寿衣终结者的 T 值哪个更高?",
            "true_intent": "Compare",
            "pred_intent": "Compare",
            "true_slots": [
                "B-FACTION",
                "B-WEAPON",
                "O",
                "B-ATTR",
                "I-ATTR",
                "O",
                "B-FACTION",
                "B-UNIT",
                "I-UNIT",
                "O",
                "B-ATTR",
                "I-ATTR",
                "B-WHICH",
                "B-COMPARE",
                "I-COMPARE",
                "O"
            ],
            "pred_slots": [
                "O",
                "O",
                "O",
                "O",
                "O",
                "O",
                "B-COMPARE_WITH",
                "I-FACTION",
                "B-UNIT",
                "I-UNIT",
                "I-UNIT",
                "O",
                "B-ATTR",
                "I-ATTR",
                "I-ATTR",
                "O"
            ],
            "intent_confidences": {
                "Compare": 0.9886077987180069,
                "List": 0.000506557201674473,
                "NON40K": 1.55598782073717e-05,
                "Query": 0.010285760107072706,
                "Rule": 0.0005843240950385808
            }
        },
        {
            "text": "如果一个单位 A 有6 寸深入打击能力,另一个单位 B 有 12 寸内禁止深入打击能力,那么单位 A 在使用深入打击能力的时候,最多可以进入到单位 B 的多少寸内?",
            "true_intent": "Rule",
            "pred_intent": "Rule",
            "true_slots": [
                "O",
                "O",
                "B-UNIT",
                "I-UNIT",
                "B-HAVE",
                "B-NUMBER",
                "I-NUMBER",
                "B-SKILL",
                "B-SKILL_TYPE",
                "O",
                "O",
                "O",
                "B-UNIT",
                "I-UNIT",
                "B-HAVE",
                "B-NUMBER",
                "I-NUMBER",
                "O",
                "B-BOOL",
                "B-SKILL",
                "B-SKILL_TYPE",
                "O",
                "O",
                "B-UNIT",
                "I-UNIT",
                "O",
                "B-ACTION",
                "B-SKILL",
                "B-SKILL_TYPE",
                "O",
                "B-CONDITION",
                "O",
                "O",
                "B-BOOL",
                "O",
                "O",
                "B-UNIT",
                "I-UNIT",
                "O",
                "B-NUMBER",
                "O",
                "O",
                "O"
            ],
            "pred_slots": [
                "O",
                "O",
                "O",
                "O",
                "O",
                "O",
                "B-HAVE",
                "O",
                "O",
                "O",
                "O",
                "O",
                "O",
                "O",
                "B-UNIT_TYPE",
                "I-UNIT_TYPE",
                "O",
                "O",
                "O",
                "O",
                "O",
                "O",
                "O",
                "O",
                "O",
                "O",
                "O",
                "O",
                "O",
                "O",
                "O",
                "O",
                "O",
                "O",
                "O",
                "O",
                "O",
                "O",
                "O",
                "B-BOOL",
                "O",
                "O",
                "O"
            ],
            "intent_confidences": {
                "Compare": 1.363554170929242e-07,
                "List": 8.469084405790546e-09,
                "NON40K": 3.1091133042902485e-13,
                "Query": 3.401378397824978e-08,
                "Rule": 0.9999998211614036
            }
        },
        {
            "text": "在阿巴顿可以领导的单位里,哪个单位有最高的 W 值",
            "true_intent": "Compare",
            "pred_intent": "Compare",
            "true_slots": [
                "O",
                "B-UNIT",
                "B-BOOL",
                "B-ACTION",
                "O",
                "B-UNIT",
                "O",
                "O",
                "B-WHICH",
                "B-UNIT",
                "B-HAVE",
                "B-COMPARE",
                "O",
                "B-ATTR",
                "I-ATTR"
            ],
            "pred_slots": [
                "O",
                "O",
                "B-BOOL",
                "O",
                "O",
                "O",
                "O",
                "O",
                "B-WHICH",
                "B-UNIT_TYPE",
                "B-HAVE",
                "B-COMPARE",
                "O",
                "O",
                "O"
            ],
            "intent_confidences": {
                "Compare": 0.9852898873165967,
                "List": 0.0004792240296007557,
                "NON40K": 0.0007137979401422715,
                "Query": 0.0028935736449575817,
                "Rule": 0.01062351706870271
            }
        },
        {
            "text": "除了火龙战士以外,艾达灵族还有哪些单位可以装备火龙热熔枪",
            "true_intent": "List",
            "pred_intent": "List",
            "true_slots": [
                "B-NEGATIVE",
                "B-UNIT",
                "O",
                "O",
                "B-FACTION",
                "B-HAVE",
                "B-HOWMANY",
                "B-UNIT",
                "B-BOOL",
                "B-ACTION",
                "B-WEAPON"
            ],
            "pred_slots": [
                "O",
                "O",
                "O",
                "O",
                "B-FACTION",
                "B-HAVE",
                "B-HOWMANY",
                "B-UNIT",
                "B-BOOL",
                "B-ACTION",
                "I-ACTION"
            ],
            "intent_confidences": {
                "Compare": 1.9165957077343623e-05,
                "List": 0.9945820774773144,
                "NON40K": 1.9618498535295425e-06,
                "Query": 0.00026304814832858373,
                "Rule": 0.00513374656742621
            }
        },
        {
            "text": "我想知道独角的一次性能力是什么?",
            "true_intent": "Query",
            "pred_intent": "Rule",
            "true_slots": [
                "O",
                "O",
                "O",
                "B-UNIT",
                "O",
                "B-SKILL",
                "I-SKILL",
                "O",
                "B-RESULT",
                "O"
            ],
            "pred_slots": [
                "B-UNIT",
                "I-UNIT",
                "I-UNIT",
                "I-UNIT",
                "O",
                "O",
                "B-ACTION",
                "I-ACTION",
                "B-HOWMANY",
                "O"
            ],
            "intent_confidences": {
                "Compare": 0.007892154340886973,
                "List": 0.0011359392188649367,
                "NON40K": 0.010518155825832187,
                "Query": 0.3829172488273674,
                "Rule": 0.5975365017870485
            }
        },
        {
            "text": "你能告诉我在千子军团里,哪些单位拥有斥候技能吗?",
            "true_intent": "List",
            "pred_intent": "List",
            "true_slots": [
                "O",
                "O",
                "O",
                "O",
                "O",
                "B-FACTION",
                "I-FACTION",
                "O",
                "O",
                "B-HOWMANY",
                "B-UNIT",
                "B-HAVE",
                "B-SKILL",
                "B-SKILL_TYPE",
                "O",
                "O"
            ],
            "pred_slots": [
                "O",
                "O",
                "O",
                "O",
                "O",
                "O",
                "O",
                "O",
                "O",
                "B-HOWMANY",
                "B-UNIT",
                "B-HAVE",
                "O",
                "B-SKILL_TYPE",
                "O",
                "O"
            ],
            "intent_confidences": {
                "Compare": 0.0020552724159745065,
                "List": 0.9702685551634916,
                "NON40K": 0.0054346472585365116,
                "Query": 0.004195633675223682,
                "Rule": 0.018045891486773463
            }
        },
        {
            "text": "我有一个问题,如果一个单位有先攻关键字,那么在对方的冲锋阶段,另一个单位对他发起了冲锋,在接下来的近战阶段,谁先出手进行近战",
            "true_intent": "Rule",
            "pred_intent": "Rule",
            "true_slots": [
                "O",
                "O",
                "O",
                "O",
                "O",
                "O",
                "O",
                "B-UNIT",
                "B-HAVE",
                "B-SKILL",
                "B-SKILL_TYPE",
                "O",
                "O",
                "B-WHEN",
                "O",
                "O",
                "B-PHASE",
                "O",
                "O",
                "B-UNIT",
                "O",
                "O",
                "O",
                "O",
                "B-ACTION",
                "O",
                "B-WHEN",
                "O",
                "O",
                "B-PHASE",
                "O",
                "O",
                "O",
                "O",
                "B-ACTION",
                "I-ACTION"
            ],
            "pred_slots": [
                "O",
                "O",
                "O",
                "O",
                "O",
                "O",
                "O",
                "O",
                "B-HAVE",
                "O",
                "O",
                "O",
                "O",
                "O",
                "O",
                "O",
                "O",
                "O",
                "O",
                "B-UNIT_TYPE",
                "O",
                "O",
                "O",
                "O",
                "O",
                "O",
                "O",
                "O",
                "O",
                "O",
                "O",
                "B-ACTION",
                "I-ACTION",
                "I-ACTION",
                "I-ACTION",
                "I-ACTION"
            ],
            "intent_confidences": {
                "Compare": 1.1661213520066427e-05,
                "List": 1.5856337686759677e-05,
                "NON40K": 7.510769347966296e-09,
                "Query": 0.0004689567202484096,
                "Rule": 0.9995035182177754
            }
        },
        {
            "text": "快告诉我星际战士有多少种载具单位",
            "true_intent": "List",
            "pred_intent": "List",
            "true_slots": [
                "O",
                "O",
                "O",
                "B-FACTION",
                "B-HAVE",
                "B-HOWMANY",
                "O",
                "B-UNIT_KWS",
                "B-UNIT"
            ],
            "pred_slots": [
                "O",
                "O",
                "O",
                "O",
                "B-HAVE",
                "B-HOWMANY",
                "B-UNIT_KWS",
                "I-UNIT_KWS",
                "B-UNIT_TYPE"
            ],
            "intent_confidences": {
                "Compare": 0.0019715034457318437,
                "List": 0.969704382557226,
                "NON40K": 0.023295392048307086,
                "Query": 0.001029764097826754,
                "Rule": 0.003998957850908348
            }
        },
        {
            "text": "我就想知道圣血天使的圣血卫队可以装备哪些近战武器",
            "true_intent": "List",
            "pred_intent": "List",
            "true_slots": [
                "O",
                "O",
                "O",
                "O",
                "B-FACTION",
                "O",
                "B-UNIT",
                "B-BOOL",
                "B-ACTION",
                "B-HOWMANY",
                "B-WEAPON_KWS",
                "B-WEAPON"
            ],
            "pred_slots": [
                "O",
                "O",
                "O",
                "O",
                "O",
                "O",
                "O",
                "B-BOOL",
                "B-ACTION",
                "B-HOWMANY",
                "B-UNIT",
                "B-WEAPON"
            ],
            "intent_confidences": {
                "Compare": 0.0034121641920859323,
                "List": 0.9433853038370617,
                "NON40K": 0.0019192684259751055,
                "Query": 0.03170371548750049,
                "Rule": 0.01957954805737683
            }
        },
        {
            "text": "太空野狼的狼骑兵的 T 值和斯卡布兰德的武器 S 值,哪个更高?",
            "true_intent": "Compare",
            "pred_intent": "Compare",
            "true_slots": [
                "B-FACTION",
                "O",
                "B-UNIT",
                "O",
                "B-ATTR",
                "I-ATTR",
                "O",
                "B-UNIT",
                "O",
                "B-WEAPON",
                "B-ATTR",
                "I-ATTR",
                "O",
                "B-WHICH",
                "B-COMPARE",
                "I-COMPARE",
                "O"
            ],
            "pred_slots": [
                "B-UNIT",
                "O",
                "O",
                "O",
                "O",
                "O",
                "O",
                "B-COMPARE_WITH",
                "O",
                "O",
                "B-WEAPON",
                "I-WEAPON",
                "O",
                "B-ATTR",
                "I-ATTR",
                "O",
                "O"
            ],
            "intent_confidences": {
                "Compare": 0.9960402299332862,
                "List": 0.0009025282783341288,
                "NON40K": 3.197925112694474e-05,
                "Query": 0.0017727533985003768,
                "Rule": 0.0012525091387524292
            }
        },
        {
            "text": "什么是手雷技能?",
            "true_intent": "Query",
            "pred_intent": "Query",
            "true_slots": [
                "B-WHAT",
                "O",
                "B-SKILL",
                "B-SKILL_TYPE",
                "O"
            ],
            "pred_slots": [
                "B-CONDITION",
                "I-CONDITION",
                "I-CONDITION",
                "B-SKILL_TYPE",
                "O"
            ],
            "intent_confidences": {
                "Compare": 0.01177495455882791,
                "List": 0.00687349880942556,
                "NON40K": 0.06614256225988636,
                "Query": 0.8256716240130839,
                "Rule": 0.0895373603587763
            }
        },
        {
            "text": "什么样的单位可以使用手雷技能?",
            "true_intent": "Query",
            "pred_intent": "Rule",
            "true_slots": [
                "B-WHAT",
                "O",
                "B-UNIT",
                "B-BOOL",
                "B-ACTION",
                "B-SKILL",
                "B-SKILL_TYPE",
                "O"
            ],
            "pred_slots": [
                "B-UNIT",
                "O",
                "B-UNIT_TYPE",
                "B-BOOL",
                "B-ACTION",
                "O",
                "B-SKILL_TYPE",
                "O"
            ],
            "intent_confidences": {
                "Compare": 0.003732884433449226,
                "List": 0.016630077751841423,
                "NON40K": 0.00269675679219227,
                "Query": 0.2923736857134603,
                "Rule": 0.6845665953090568
            }
        },
        {
            "text": "哪些单位可以进行斥候移动?",
            "true_intent": "Query",
            "pred_intent": "List",
            "true_slots": [
                "B-WHAT",
                "B-UNIT",
                "B-BOOL",
                "B-ACTION",
                "B-SKILL",
                "B-ACTION",
                "O"
            ],
            "pred_slots": [
                "B-HOWMANY",
                "B-UNIT",
                "B-BOOL",
                "B-CONDITION",
                "I-CONDITION",
                "B-ACTION",
                "O"
            ],
            "intent_confidences": {
                "Compare": 0.0018938472575032528,
                "List": 0.7486809583904233,
                "NON40K": 0.04004574568643796,
                "Query": 0.11967860424151061,
                "Rule": 0.08970084442412476
            }
        },
        {
            "text": "吞世者军团里哪些单位可以进行斥候移动",
            "true_intent": "List",
            "pred_intent": "List",
            "true_slots": [
                "B-FACTION",
                "I-FACTION",
                "O",
                "B-HOWMANY",
                "B-UNIT",
                "B-BOOL",
                "B-ACTION",
                "B-SKILL",
                "B-ACTION",
                "O"
            ],
            "pred_slots": [
                "O",
                "O",
                "O",
                "B-HOWMANY",
                "B-UNIT",
                "B-BOOL",
                "B-CONDITION",
                "I-CONDITION",
                "B-ACTION",
                "O"
            ],
            "intent_confidences": {
                "Compare": 0.0002771986511957438,
                "List": 0.7863877096241704,
                "NON40K": 0.0023939004727631962,
                "Query": 0.20291688017064463,
                "Rule": 0.008024311081225881
            }
        },
        {
            "text": "请你告诉我大炮长鸣能力是什么?",
            "true_intent": "Query",
            "pred_intent": "Query",
            "true_slots": [
                "O",
                "O",
                "O",
                "O",
                "B-SKILL",
                "B-SKILL_TYPE",
                "B-RESULT",
                "I-RESULT",
                "O"
            ],
            "pred_slots": [
                "O",
                "O",
                "O",
                "O",
                "O",
                "B-ACTION",
                "I-ACTION",
                "B-HOWMANY",
                "O"
            ],
            "intent_confidences": {
                "Compare": 0.047004869096085915,
                "List": 0.0010851453903353977,
                "NON40K": 0.1086238301888852,
                "Query": 0.711518512126456,
                "Rule": 0.13176764319823747
            }
        },
        {
            "text": "在指挥阶段中,什么样的单位需要过战斗震慑",
            "true_intent": "Query",
            "pred_intent": "Query",
            "true_slots": [
                "B-WHEN",
                "B-PHASE",
                "B-CONDITION",
                "O",
                "B-WHAT",
                "O",
                "B-UNIT",
                "O",
                "B-ACTION",
                "I-ACTION"
            ],
            "pred_slots": [
                "B-WHEN",
                "B-PHASE",
                "O",
                "O",
                "B-CONDITION",
                "O",
                "B-UNIT_TYPE",
                "O",
                "B-ACTION",
                "I-ACTION"
            ],
            "intent_confidences": {
                "Compare": 0.004393257113340915,
                "List": 0.006041309073392785,
                "NON40K": 0.037200832462762574,
                "Query": 0.6427408681923814,
                "Rule": 0.30962373315812225
            }
        },
        {
            "text": "在我的移动阶段中,如果我的一个单位在之前的战斗震慑测试中失败了,这个单位当前正处于近战阶段中,那么当我让这个单位撤退时,我需要做什么操作?",
            "true_intent": "Rule",
            "pred_intent": "Rule",
            "true_slots": [
                "B-WHEN",
                "O",
                "B-PHASE",
                "B-CONDITION",
                "O",
                "O",
                "O",
                "O",
                "B-UNIT",
                "B-WHEN",
                "O",
                "O",
                "B-TERM",
                "I-TERM",
                "O",
                "O",
                "O",
                "O",
                "O",
                "B-UNIT",
                "O",
                "O",
                "B-ACTION",
                "B-TERM",
                "I-TERM",
                "O",
                "O",
                "B-WHEN",
                "O",
                "O",
                "O",
                "B-UNIT",
                "B-ACTION",
                "B-CONDITION",
                "O",
                "O",
                "O",
                "O",
                "B-WHAT",
                "B-ACTION",
                "O"
            ],
            "pred_slots": [
                "O",
                "O",
                "O",
                "O",
                "O",
                "O",
                "O",
                "O",
                "O",
                "O",
                "O",
                "O",
                "O",
                "O",
                "O",
                "O",
                "O",
                "O",
                "O",
                "O",
                "O",
                "O",
                "O",
                "O",
                "O",
                "O",
                "O",
                "O",
                "O",
                "O",
                "O",
                "B-UNIT_TYPE",
                "O",
                "O",
                "O",
                "O",
                "O",
                "B-ACTION",
                "I-ACTION",
                "I-ACTION",
                "O"
            ],
            "intent_confidences": {
                "Compare": 1.4120733166543054e-06,
                "List": 5.181847183150352e-08,
                "NON40K": 1.7007839408590222e-08,
                "Query": 1.088042616159868e-05,
                "Rule": 0.9999876386742104
            }
        },
        {
            "text": "猎鹰坦克的”火力支援”能力是怎么写的?",
            "true_intent": "Query",
            "pred_intent": "Query",
            "true_slots": [
                "B-RESULT",
                "O",
                "O",
                "B-SKILL",
                "O",
                "B-SKILL_TYPE",
                "B-BOOL",
                "B-RESULT",
                "I-RESULT",
                "I-RESULT",
                "O"
            ],
            "pred_slots": [
                "B-UNIT",
                "O",
                "O",
                "O",
                "O",
                "B-RESULT",
                "I-RESULT",
                "I-RESULT",
                "I-RESULT",
                "O",
                "O"
            ],
            "intent_confidences": {
                "Compare": 0.05751221131688208,
                "List": 0.008887052111780588,
                "NON40K": 0.044746656943759816,
                "Query": 0.5154795249537708,
                "Rule": 0.3733745546738067
            }
        },
        {
            "text": "设想这样一个场景,一个单位用 S3 的武器射击一个另一个 T6 的单位, 前一个单位需要投掷出哪些造伤骰子才能被视为成功造伤?",
            "true_intent": "Rule",
            "pred_intent": "Rule",
            "true_slots": [
                "B-UNIT",
                "O",
                "O",
                "B-SKILL",
                "O",
                "B-SKILL_TYPE",
                "B-RESULT",
                "I-RESULT",
                "O"
            ],
            "pred_slots": [
                "O",
                "O",
                "O",
                "O",
                "O",
                "O",
                "O",
                "O",
                "O"
            ],
            "intent_confidences": {
                "Compare": 1.0091187302941603e-06,
                "List": 1.714933225859534e-05,
                "NON40K": 1.9092687972031324e-09,
                "Query": 1.7199225624607192e-05,
                "Rule": 0.9999646404141176
            }
        },
        {
            "text": "你有没有想过, 死神导弹发射器的射程和波蛇飞艇的双联光矛的射程,哪个更远",
            "true_intent": "Compare",
            "pred_intent": "Compare",
            "true_slots": [
                "O",
                "O",
                "O",
                "O",
                "O",
                "O",
                "B-UNIT",
                "B-ACTION",
                "B-ATTR",
                "B-NUMBER",
                "O",
                "B-WEAPON",
                "B-ACTION",
                "O",
                "B-ATTR",
                "B-NUMBER",
                "O",
                "B-UNIT",
                "O",
                "O",
                "O",
                "B-UNIT",
                "O",
                "B-ACTION",
                "O",
                "B-HOWMANY",
                "B-TERM",
                "B-BOOL",
                "B-PASSIVE",
                "B-ACTION",
                "I-ACTION",
                "I-ACTION",
                "O"
            ],
            "pred_slots": [
                "O",
                "B-HAVE",
                "O",
                "O",
                "O",
                "O",
                "O",
                "B-WEAPON",
                "I-WEAPON",
                "O",
                "O",
                "B-COMPARE_WITH",
                "B-UNIT",
                "I-UNIT",
                "O",
                "O",
                "O",
                "O",
                "B-ATTR",
                "I-ATTR",
                "B-WHICH",
                "B-COMPARE",
                "I-COMPARE",
                "O",
                "O",
                "O",
                "O",
                "O",
                "O",
                "O",
                "O",
                "O",
                "O"
            ],
            "intent_confidences": {
                "Compare": 0.9671605178660428,
                "List": 0.0015159141918287481,
                "NON40K": 0.00019625167324282506,
                "Query": 0.007401988297549886,
                "Rule": 0.023725327971335843
            }
        },
        {
            "text": "我想知道,如果我的军队里有一个单位拥有一次性射击武器,并且他此时位于一个有”开火口 2”的载具内,在我的射击阶段里,我使用这个载具的开火口发射了一次性武器. 那么下个回合这个单位从车里下车之后,还能使用一次性射击武器进行射击吗?",
            "true_intent": "Rule",
            "pred_intent": "Rule",
            "true_slots": [
                "O",
                "O",
                "O",
                "O",
                "O",
                "B-WEAPON",
                "I-WEAPON",
                "I-WEAPON",
                "O",
                "B-ATTR",
                "O",
                "B-UNIT",
                "O",
                "B-WEAPON",
                "O",
                "B-ATTR",
                "O",
                "B-WHICH",
                "B-COMPARE",
                "O"
            ],
            "pred_slots": [
                "O",
                "O",
                "O",
                "O",
                "O",
                "O",
                "O",
                "O",
                "O",
                "B-UNIT_TYPE",
                "O",
                "B-HAVE",
                "O",
                "O",
                "O",
                "O",
                "O",
                "O",
                "O",
                "O"
            ],
            "intent_confidences": {
                "Compare": 1.128855922812519e-10,
                "List": 4.408818311020176e-11,
                "NON40K": 7.639044592961255e-19,
                "Query": 1.9294975012135796e-10,
                "Rule": 0.9999999996500766
            }
        },
        {
            "text": "巴哈罗斯带领了一队翔鹰, 在我的近战阶段结束时他处于近战范围内,此时我还能让巴哈罗斯回到预备队吗?",
            "true_intent": "Rule",
            "pred_intent": "Rule",
            "true_slots": [
                "O",
                "O",
                "O",
                "O",
                "O",
                "O",
                "O",
                "O",
                "O",
                "B-HAVE",
                "O",
                "B-UNIT",
                "B-HAVE",
                "B-WEAPON_KWS",
                "B-WEAPON",
                "O",
                "O",
                "O",
                "O",
                "O",
                "O",
                "B-HAVE",
                "O",
                "B-TERM",
                "I-TERM",
                "O",
                "O",
                "B-UNIT",
                "O",
                "O",
                "B-WHEN",
                "O",
                "O",
                "B-PHASE",
                "B-CONDITION",
                "O",
                "O",
                "B-ACTION",
                "O",
                "B-UNIT",
                "O",
                "O",
                "B-ACTION",
                "O",
                "B-WEAPON_KWS",
                "B-WEAPON",
                "O",
                "O",
                "O",
                "O",
                "O",
                "B-UNIT",
                "O",
                "O",
                "B-ACTION",
                "B-CONDITION",
                "O",
                "B-BOOL",
                "B-ACTION",
                "B-WEAPON_KWS",
                "B-WEAPON",
                "B-ACTION",
                "I-ACTION",
                "I-ACTION",
                "O"
            ],
            "pred_slots": [
                "O",
                "O",
                "O",
                "O",
                "O",
                "O",
                "O",
                "O",
                "O",
                "O",
                "O",
                "O",
                "O",
                "B-CONDITION",
                "I-CONDITION",
                "O",
                "O",
                "O",
                "O",
                "O",
                "O",
                "B-BOOL",
                "B-ACTION",
                "I-ACTION",
                "I-ACTION",
                "I-ACTION",
                "I-ACTION",
                "I-ACTION",
                "I-ACTION",
                "O",
                "O",
                "O",
                "O",
                "O",
                "O",
                "O",
                "O",
                "O",
                "O",
                "O",
                "O",
                "O",
                "O",
                "O",
                "O",
                "O",
                "O",
                "O",
                "O",
                "O",
                "O",
                "O",
                "O",
                "O",
                "O",
                "O",
                "O",
                "O",
                "O",
                "O",
                "O",
                "O",
                "O",
                "O",
                "O"
            ],
            "intent_confidences": {
                "Compare": 0.0009433226112611376,
                "List": 0.00047407043126618985,
                "NON40K": 4.816551637483413e-05,
                "Query": 0.006635070817170862,
                "Rule": 0.9918993706239269
            }
        },
        {
            "text": "当福甘带领一队火龙战士, 在移动阶段他通过加速移动到对方载具的 8寸内 6 寸外,在接下来的射击阶段里,这个单位中火龙战士装备的火龙热熔枪能享受到melta3的加成吗?",
            "true_intent": "Rule",
            "pred_intent": "Rule",
            "true_slots": [
                "B-UNIT",
                "B-ACTION",
                "O",
                "B-NUMBER",
                "B-UNIT",
                "O",
                "B-WHEN",
                "O",
                "B-PHASE",
                "B-CONDITION",
                "I-CONDITION",
                "O",
                "O",
                "B-TERM",
                "I-TERM",
                "I-TERM",
                "O",
                "O",
                "O",
                "B-BOOL",
                "O",
                "B-UNIT",
                "B-ACTION",
                "I-ACTION",
                "O",
                "O"
            ],
            "pred_slots": [
                "O",
                "O",
                "O",
                "O",
                "O",
                "O",
                "O",
                "B-WHEN",
                "O",
                "O",
                "O",
                "O",
                "O",
                "O",
                "O",
                "O",
                "O",
                "O",
                "O",
                "O",
                "O",
                "O",
                "O",
                "O",
                "O",
                "O"
            ],
            "intent_confidences": {
                "Compare": 5.184900289382408e-08,
                "List": 3.4931380666173606e-07,
                "NON40K": 6.92838630917413e-14,
                "Query": 5.627099603427485e-06,
                "Rule": 0.9999939717375178
            }
        },
        {
            "text": "我的一个单位有斥候能力,那么他在游戏开始进行斥候移动的时候,有什么限制吗?",
            "true_intent": "Rule",
            "pred_intent": "Rule",
            "true_slots": [
                "B-UNIT",
                "B-ACTION",
                "O",
                "B-UNIT",
                "O",
                "B-WHEN",
                "B-PHASE",
                "O",
                "O",
                "B-ACTION",
                "I-ACTION",
                "O",
                "O",
                "B-UNIT",
                "O",
                "O",
                "O",
                "O",
                "O",
                "O",
                "B-WHEN",
                "O",
                "O",
                "B-PHASE",
                "B-CONDITION",
                "O",
                "O",
                "B-UNIT_TYPE",
                "O",
                "B-UNIT",
                "B-ACTION",
                "O",
                "B-WEAPON",
                "B-BOOL",
                "B-ACTION",
                "O",
                "B-TERM",
                "I-TERM",
                "O",
                "B-TERM",
                "O",
                "O"
            ],
            "pred_slots": [
                "O",
                "O",
                "B-UNIT_TYPE",
                "O",
                "O",
                "O",
                "O",
                "O",
                "O",
                "O",
                "O",
                "O",
                "B-ACTION",
                "O",
                "O",
                "B-HAVE",
                "O",
                "O",
                "O",
                "O",
                "O",
                "O",
                "O",
                "O",
                "O",
                "O",
                "O",
                "O",
                "O",
                "O",
                "O",
                "O",
                "O",
                "O",
                "O",
                "O",
                "O",
                "O",
                "O",
                "O",
                "O",
                "O"
            ],
            "intent_confidences": {
                "Compare": 3.358549969355498e-05,
                "List": 2.8308620886758658e-06,
                "NON40K": 6.854100775615874e-06,
                "Query": 0.006124680717230664,
                "Rule": 0.9938320488202115
            }
        },
        {
            "text": "我想知道,当我的一个飞行器单位在执行移动的时候,是先调整方向,再移动?还是先移动后调整方向?",
            "true_intent": "Rule",
            "pred_intent": "Rule",
            "true_slots": [
                "O",
                "O",
                "O",
                "B-UNIT",
                "B-HAVE",
                "B-SKILL",
                "B-SKILL_TYPE",
                "O",
                "O",
                "O",
                "B-WHEN",
                "B-PHASE",
                "B-ACTION",
                "I-ACTION",
                "I-ACTION",
                "O",
                "B-CONDITION",
                "O",
                "B-HAVE",
                "B-RESULT",
                "I-RESULT",
                "O",
                "O"
            ],
            "pred_slots": [
                "O",
                "O",
                "O",
                "B-WHEN",
                "O",
                "O",
                "O",
                "O",
                "B-UNIT_TYPE",
                "I-UNIT_TYPE",
                "O",
                "O",
                "O",
                "O",
                "O",
                "O",
                "O",
                "O",
                "O",
                "O",
                "O",
                "O",
                "O"
            ],
            "intent_confidences": {
                "Compare": 0.00017160322112088502,
                "List": 1.7828416723252523e-05,
                "NON40K": 7.742397690575366e-06,
                "Query": 0.0003299653702089458,
                "Rule": 0.9994728605942562
            }
        },
        {
            "text": "帮我查一下数据表, 看一下虚空鸦轰炸机的 T 值和劫掠者飞艇的 T 值哪个更高",
            "true_intent": "Compare",
            "pred_intent": "Compare",
            "true_slots": [
                "O",
                "O",
                "O",
                "O",
                "O",
                "O",
                "O",
                "O",
                "B-UNIT",
                "I-UNIT",
                "O",
                "B-ATTR",
                "I-ATTR",
                "O",
                "B-UNIT",
                "I-UNIT",
                "O",
                "B-ATTR",
                "I-ATTR",
                "B-WHICH",
                "B-COMPARE",
                "O"
            ],
            "pred_slots": [
                "O",
                "O",
                "O",
                "O",
                "O",
                "O",
                "O",
                "O",
                "O",
                "O",
                "O",
                "O",
                "O",
                "O",
                "B-COMPARE_WITH",
                "B-UNIT",
                "I-UNIT",
                "I-UNIT",
                "I-UNIT",
                "O",
                "B-ATTR",
                "I-ATTR"
            ],
            "intent_confidences": {
                "Compare": 0.9844799690722519,
                "List": 0.00012003287796543284,
                "NON40K": 4.242352962384157e-05,
                "Query": 4.007432161233592e-05,
                "Rule": 0.015317500198546455
            }
        },
        {
            "text": "在帝子的codex里,哪种步兵拥有最高的 M 值",
            "true_intent": "Compare",
            "pred_intent": "Compare",
            "true_slots": [
                "O",
                "B-FACTION",
                "O",
                "B-TERM",
                "O",
                "O",
                "B-WHICH",
                "B-UNIT_KWS",
                "B-HAVE",
                "B-COMPARE",
                "I-COMPARE",
                "O",
                "B-ATTR",
                "I-ATTR",
                "O"
            ],
            "pred_slots": [
                "O",
                "O",
                "O",
                "O",
                "O",
                "O",
                "B-WHICH",
                "O",
                "B-HAVE",
                "B-COMPARE",
                "I-COMPARE",
                "O",
                "O",
                "O",
                "O"
            ],
            "intent_confidences": {
                "Compare": 0.6213112111561268,
                "List": 0.0645585451794147,
                "NON40K": 0.007221606322449908,
                "Query": 0.3048552733983469,
                "Rule": 0.0020533639436616496
            }
        },
        {
            "text": "我想知道在黑暗天使的codex里, 死翼骑士的武器 S 值都是多少?",
            "true_intent": "List",
            "pred_intent": "Rule",
            "true_slots": [
                "O",
                "O",
                "O",
                "O",
                "B-FACTION",
                "O",
                "B-TERM",
                "O",
                "O",
                "B-UNIT",
                "O",
                "B-WEAPON",
                "B-ATTR",
                "I-ATTR",
                "O",
                "B-RESULT",
                "I-RESULT",
                "O"
            ],
            "pred_slots": [
                "O",
                "O",
                "O",
                "O",
                "O",
                "O",
                "O",
                "O",
                "O",
                "O",
                "O",
                "B-WEAPON",
                "I-WEAPON",
                "O",
                "B-ATTR",
                "I-ATTR",
                "I-ATTR",
                "O"
            ],
            "intent_confidences": {
                "Compare": 0.14534348916204004,
                "List": 0.26663108186545004,
                "NON40K": 0.005117310481143462,
                "Query": 0.1466171325033544,
                "Rule": 0.43629098598801197
            }
        },
        {
            "text": "我想问一个问题,在千子军团里,哪些单位可以使用手雷技能?",
            "true_intent": "List",
            "pred_intent": "List",
            "true_slots": [
                "O",
                "O",
                "O",
                "O",
                "O",
                "O",
                "O",
                "B-FACTION",
                "O",
                "O",
                "B-HOWMANY",
                "B-UNIT",
                "B-BOOL",
                "B-ACTION",
                "B-SKILL",
                "B-SKILL_TYPE",
                "O"
            ],
            "pred_slots": [
                "O",
                "O",
                "O",
                "O",
                "O",
                "O",
                "B-WHEN",
                "O",
                "O",
                "O",
                "B-HOWMANY",
                "B-UNIT",
                "B-BOOL",
                "B-ACTION",
                "I-ACTION",
                "B-SKILL_TYPE",
                "O"
            ],
            "intent_confidences": {
                "Compare": 0.0035524418053370682,
                "List": 0.526438000003066,
                "NON40K": 0.0009251100824799659,
                "Query": 0.006643734091701062,
                "Rule": 0.4624407140174159
            }
        },
        {
            "text": "回答我一个问题,在死亡守卫里,哪些单位有渗透关键字?",
            "true_intent": "List",
            "pred_intent": "List",
            "true_slots": [
                "O",
                "O",
                "O",
                "O",
                "O",
                "O",
                "B-FACTION",
                "O",
                "O",
                "B-HOWMANY",
                "B-UNIT",
                "B-HAVE",
                "B-SKILL",
                "B-SKILL_TYPE",
                "O"
            ],
            "pred_slots": [
                "O",
                "O",
                "O",
                "O",
                "O",
                "B-WHEN",
                "B-FACTION",
                "O",
                "O",
                "B-HOWMANY",
                "B-UNIT",
                "B-HAVE",
                "B-RESULT",
                "I-RESULT",
                "O"
            ],
            "intent_confidences": {
                "Compare": 0.00034586353456854434,
                "List": 0.9844214876423821,
                "NON40K": 0.0011139943014290474,
                "Query": 0.008765330000423717,
                "Rule": 0.005353324521196616
            }
        },
        {
            "text": "问题:当死亡寿衣终结者部署在场上的时候,他最近可以部署到对方单位多少寸的距离?",
            "true_intent": "Rule",
            "pred_intent": "Rule",
            "true_slots": [
                "O",
                "O",
                "B-WHEN",
                "B-UNIT",
                "I-UNIT",
                "B-ACTION",
                "O",
                "O",
                "O",
                "B-CONDITION",
                "O",
                "O",
                "O",
                "B-BOOL",
                "B-ACTION",
                "O",
                "B-UNIT",
                "I-UNIT",
                "B-NUMBER",
                "I-NUMBER",
                "O",
                "O",
                "O"
            ],
            "pred_slots": [
                "O",
                "O",
                "B-WHEN",
                "O",
                "O",
                "O",
                "O",
                "O",
                "O",
                "O",
                "O",
                "O",
                "O",
                "B-BOOL",
                "O",
                "O",
                "O",
                "B-UNIT_TYPE",
                "B-THRESHOLD",
                "I-THRESHOLD",
                "O",
                "O",
                "O"
            ],
            "intent_confidences": {
                "Compare": 0.028353607158712452,
                "List": 0.0030941847643816403,
                "NON40K": 0.0001610668163247907,
                "Query": 0.10132891206876309,
                "Rule": 0.8670622291918181
            }
        },
        {
            "text": "别告诉我,太空死灵有哪些分队",
            "true_intent": "NON40K",
            "pred_intent": "List",
            "true_slots": [
                "O",
                "O",
                "O",
                "O",
                "B-FACTION",
                "B-HAVE",
                "B-HOWMANY",
                "B-TERM"
            ],
            "pred_slots": [
                "O",
                "O",
                "O",
                "O",
                "B-FACTION",
                "B-HAVE",
                "B-HOWMANY",
                "B-TERM"
            ],
            "intent_confidences": {
                "Compare": 0.00019425070786318046,
                "List": 0.9813178070542692,
                "NON40K": 0.018086201948081634,
                "Query": 0.00014344971957030127,
                "Rule": 0.0002582905702155209
            }
        },
        {
            "text": "不要给我解释什么是先攻技能",
            "true_intent": "NON40K",
            "pred_intent": "Query",
            "true_slots": [
                "O",
                "O",
                "O",
                "O",
                "B-WHAT",
                "B-BOOL",
                "B-SKILL",
                "B-SKILL_TYPE"
            ],
            "pred_slots": [
                "O",
                "O",
                "O",
                "O",
                "B-HOWMANY",
                "B-UNIT",
                "I-UNIT",
                "B-SKILL_TYPE"
            ],
            "intent_confidences": {
                "Compare": 0.0009322499124317284,
                "List": 0.00016674004958828047,
                "NON40K": 0.23756389512204681,
                "Query": 0.7596557390163616,
                "Rule": 0.0016813758995713802
            }
        },
        {
            "text": "我不想知道当独角发动一次性能力之后,M 值会变成多少",
            "true_intent": "NON40K",
            "pred_intent": "NON40K",
            "true_slots": [
                "O",
                "O",
                "O",
                "B-WHEN",
                "B-UNIT",
                "B-ACTION",
                "B-SKILL",
                "I-SKILL",
                "B-CONDITION",
                "O",
                "B-ATTR",
                "I-ATTR",
                "O",
                "O",
                "B-NUMBER"
            ],
            "pred_slots": [
                "O",
                "O",
                "O",
                "B-WHEN",
                "B-UNIT",
                "O",
                "O",
                "O",
                "O",
                "O",
                "B-ATTR",
                "I-ATTR",
                "I-ATTR",
                "O",
                "O"
            ],
            "intent_confidences": {
                "Compare": 3.358461001247093e-05,
                "List": 1.1155586299871073e-05,
                "NON40K": 0.9995639692056287,
                "Query": 0.00039045039311217815,
                "Rule": 8.402049466413629e-07
            }
        },
        {
            "text": "在黑暗天使的codex里, 死翼骑士的武器 S 值都是多少?",
            "true_intent": "List",
            "pred_intent": "Query",
            "true_slots": [
                "O",
                "B-FACTION",
                "O",
                "O",
                "O",
                "O",
                "B-UNIT",
                "O",
                "B-WEAPON",
                "B-ATTR",
                "I-ATTR",
                "O",
                "O",
                "O"
            ],
            "pred_slots": [
                "O",
                "B-UNIT",
                "O",
                "O",
                "O",
                "O",
                "O",
                "O",
                "B-WEAPON",
                "I-WEAPON",
                "O",
                "B-ATTR",
                "I-ATTR",
                "O"
            ],
            "intent_confidences": {
                "Compare": 0.11150061113069472,
                "List": 0.34581338277611057,
                "NON40K": 0.005653624708498924,
                "Query": 0.3661897306411971,
                "Rule": 0.17084265074349858
            }
        },
        {
            "text": "在千子军团里,哪些单位可以使用手雷技能?",
            "true_intent": "List",
            "pred_intent": "List",
            "true_slots": [
                "O",
                "B-FACTION",
                "O",
                "O",
                "B-HOWMANY",
                "B-UNIT",
                "B-BOOL",
                "B-ACTION",
                "B-SKILL",
                "B-SKILL_TYPE",
                "O"
            ],
            "pred_slots": [
                "O",
                "O",
                "O",
                "O",
                "B-HOWMANY",
                "B-UNIT",
                "B-BOOL",
                "B-ACTION",
                "I-ACTION",
                "B-SKILL_TYPE",
                "O"
            ],
            "intent_confidences": {
                "Compare": 0.0015387874753584557,
                "List": 0.8838132743365245,
                "NON40K": 0.0012205675328831674,
                "Query": 0.01341609219635987,
                "Rule": 0.10001127845887398
            }
        }
    ]
}