{
    "summary_metrics": {
        "frame_accuracy": 0.0,
        "intent_accuracy": 0.8648648648648649,
        "slot_f1_report": {
            "ACTION": {
                "precision": 0.4,
                "recall": 0.16666666666666666,
                "f1-score": 0.23529411764705882,
                "support": 36
            },
            "ATTR": {
                "precision": 0.0,
                "recall": 0.0,
                "f1-score": 0.0,
                "support": 13
            },
            "BOOL": {
                "precision": 0.6153846153846154,
                "recall": 0.5,
                "f1-score": 0.5517241379310345,
                "support": 16
            },
            "COMPARE": {
                "precision": 0.6666666666666666,
                "recall": 0.3333333333333333,
                "f1-score": 0.4444444444444444,
                "support": 6
            },
            "COMPARE_WITH": {
                "precision": 0.0,
                "recall": 0.0,
                "f1-score": 0.0,
                "support": 0
            },
            "CONDITION": {
                "precision": 0.16666666666666666,
                "recall": 0.09090909090909091,
                "f1-score": 0.11764705882352942,
                "support": 11
            },
            "FACTION": {
                "precision": 0.8,
                "recall": 0.23529411764705882,
                "f1-score": 0.3636363636363636,
                "support": 17
            },
            "HAVE": {
                "precision": 0.7142857142857143,
                "recall": 0.5882352941176471,
                "f1-score": 0.6451612903225806,
                "support": 17
            },
            "HOWMANY": {
                "precision": 0.5,
                "recall": 0.8,
                "f1-score": 0.6153846153846154,
                "support": 10
            },
            "NEGATIVE": {
                "precision": 0.0,
                "recall": 0.0,
                "f1-score": 0.0,
                "support": 1
            },
            "NUMBER": {
                "precision": 0.0,
                "recall": 0.0,
                "f1-score": 0.0,
                "support": 7
            },
            "PASSIVE": {
                "precision": 1.0,
                "recall": 0.5,
                "f1-score": 0.6666666666666666,
                "support": 2
            },
            "PHASE": {
                "precision": 1.0,
                "recall": 0.2,
                "f1-score": 0.33333333333333337,
                "support": 10
            },
            "RESULT": {
                "precision": 0.0,
                "recall": 0.0,
                "f1-score": 0.0,
                "support": 9
            },
            "SKILL": {
                "precision": 0.0,
                "recall": 0.0,
                "f1-score": 0.0,
                "support": 18
            },
            "SKILL_TYPE": {
                "precision": 1.0,
                "recall": 0.26666666666666666,
                "f1-score": 0.4210526315789474,
                "support": 15
            },
            "TERM": {
                "precision": 0.0,
                "recall": 0.0,
                "f1-score": 0.0,
                "support": 12
            },
            "THRESHOLD": {
                "precision": 0.0,
                "recall": 0.0,
                "f1-score": 0.0,
                "support": 0
            },
            "UNIT": {
                "precision": 0.3888888888888889,
                "recall": 0.1320754716981132,
                "f1-score": 0.19718309859154928,
                "support": 53
            },
            "UNIT_KWS": {
                "precision": 0.0,
                "recall": 0.0,
                "f1-score": 0.0,
                "support": 2
            },
            "UNIT_TYPE": {
                "precision": 0.0,
                "recall": 0.0,
                "f1-score": 0.0,
                "support": 2
            },
            "WEAPON": {
                "precision": 0.25,
                "recall": 0.08333333333333333,
                "f1-score": 0.125,
                "support": 12
            },
            "WEAPON_KWS": {
                "precision": 0.0,
                "recall": 0.0,
                "f1-score": 0.0,
                "support": 4
            },
            "WHAT": {
                "precision": 0.0,
                "recall": 0.0,
                "f1-score": 0.0,
                "support": 5
            },
            "WHEN": {
                "precision": 0.42857142857142855,
                "recall": 0.23076923076923078,
                "f1-score": 0.3,
                "support": 13
            },
            "WHICH": {
                "precision": 0.6666666666666666,
                "recall": 0.25,
                "f1-score": 0.36363636363636365,
                "support": 8
            },
            "micro avg": {
                "precision": 0.4338235294117647,
                "recall": 0.19732441471571907,
                "f1-score": 0.271264367816092,
                "support": 299
            },
            "macro avg": {
                "precision": 0.3306588710434864,
                "recall": 0.16835704635158233,
                "f1-score": 0.2069293893075572,
                "support": 299
            },
            "weighted avg": {
                "precision": 0.4091579175191215,
                "recall": 0.19732441471571907,
                "f1-score": 0.24851042241424168,
                "support": 299
            }
        }
    },
    "per_sample_results": [
        {
            "text": "死亡守卫的哪些单位有斥候关键字",
            "true_intent": "List",
            "pred_intent": "List",
            "true_slots": [
                "B-FACTION",
                "O",
                "B-WHICH",
                "B-UNIT",
                "B-HAVE",
                "B-SKILL",
                "B-SKILL_TYPE"
            ],
            "pred_slots": [
                "B-FACTION",
                "O",
                "B-HOWMANY",
                "B-UNIT",
                "B-HAVE",
                "B-RESULT",
                "I-RESULT"
            ],
            "intent_confidences": {
                "Compare": 7.179134127521667e-05,
                "List": 0.9855981251824815,
                "Query": 0.014234497584478893,
                "Rule": 9.55858917644349e-05
            }
        },
        {
            "text": "太空死灵有哪些单位可以被死灵霸主领导",
            "true_intent": "List",
            "pred_intent": "List",
            "true_slots": [
                "B-FACTION",
                "B-HAVE",
                "B-WHICH",
                "B-UNIT_TYPE",
                "O",
                "B-PASSIVE",
                "B-UNIT",
                "B-ACTION"
            ],
            "pred_slots": [
                "O",
                "B-HAVE",
                "B-HOWMANY",
                "B-UNIT",
                "B-BOOL",
                "B-PASSIVE",
                "B-ACTION",
                "I-ACTION"
            ],
            "intent_confidences": {
                "Compare": 5.2014722819965815e-05,
                "List": 0.9937297278471198,
                "Query": 0.005882540426911811,
                "Rule": 0.00033571700314815835
            }
        },
        {
            "text": "吞世者军团的狂战士有哪些能力?",
            "true_intent": "List",
            "pred_intent": "List",
            "true_slots": [
                "B-FACTION",
                "I-FACTION",
                "O",
                "B-UNIT",
                "B-HAVE",
                "B-HOWMANY",
                "B-SKILL",
                "O"
            ],
            "pred_slots": [
                "B-UNIT",
                "I-UNIT",
                "O",
                "O",
                "B-HAVE",
                "B-HOWMANY",
                "B-BOOL",
                "O"
            ],
            "intent_confidences": {
                "Compare": 0.0014174422218271093,
                "List": 0.9232726927917372,
                "Query": 0.07331956051491971,
                "Rule": 0.0019903044715159452
            }
        },
        {
            "text": "艾达灵族的战火军阵分队规则是什么?",
            "true_intent": "Query",
            "pred_intent": "Query",
            "true_slots": [
                "B-FACTION",
                "O",
                "B-TERM",
                "B-TERM",
                "B-RESULT",
                "I-RESULT",
                "O"
            ],
            "pred_slots": [
                "B-FACTION",
                "O",
                "O",
                "O",
                "O",
                "B-HOWMANY",
                "O"
            ],
            "intent_confidences": {
                "Compare": 0.003084520310967886,
                "List": 0.007545260314912229,
                "Query": 0.9312628828089693,
                "Rule": 0.05810733656515063
            }
        },
        {
            "text": "战斗修女的军队规则是什么?",
            "true_intent": "Query",
            "pred_intent": "Query",
            "true_slots": [
                "B-FACTION",
                "O",
                "B-TERM",
                "B-RESULT",
                "I-RESULT",
                "O"
            ],
            "pred_slots": [
                "B-UNIT",
                "O",
                "O",
                "O",
                "B-HOWMANY",
                "O"
            ],
            "intent_confidences": {
                "Compare": 0.007365994297332498,
                "List": 0.010242707257871863,
                "Query": 0.9409852587390378,
                "Rule": 0.041406039705757756
            }
        },
        {
            "text": "在近战阶段开始的时候, 伊芙蕾尼可以使用哪些能力?",
            "true_intent": "Rule",
            "pred_intent": "Rule",
            "true_slots": [
                "B-WHEN",
                "B-PHASE",
                "B-CONDITION",
                "I-CONDITION",
                "I-CONDITION",
                "O",
                "B-UNIT",
                "B-BOOL",
                "B-ACTION",
                "B-HOWMANY",
                "B-SKILL_TYPE",
                "O"
            ],
            "pred_slots": [
                "B-WHEN",
                "B-PHASE",
                "B-CONDITION",
                "I-CONDITION",
                "I-CONDITION",
                "O",
                "O",
                "O",
                "B-ACTION",
                "B-HOWMANY",
                "I-HOWMANY",
                "I-BOOL"
            ],
            "intent_confidences": {
                "Compare": 0.0025439184433939475,
                "List": 0.13995357549534368,
                "Query": 0.2195968306626639,
                "Rule": 0.6379056753985985
            }
        },
        {
            "text": "艾达灵族光矛的 S 值和死亡守卫死亡寿衣终结者的 T 值哪个更高?",
            "true_intent": "Compare",
            "pred_intent": "Compare",
            "true_slots": [
                "B-FACTION",
                "B-WEAPON",
                "O",
                "B-ATTR",
                "I-ATTR",
                "O",
                "B-FACTION",
                "B-UNIT",
                "I-UNIT",
                "O",
                "B-ATTR",
                "I-ATTR",
                "B-WHICH",
                "B-COMPARE",
                "I-COMPARE",
                "O"
            ],
            "pred_slots": [
                "O",
                "O",
                "O",
                "O",
                "O",
                "O",
                "B-COMPARE_WITH",
                "I-FACTION",
                "B-UNIT",
                "I-UNIT",
                "I-UNIT",
                "O",
                "B-ATTR",
                "I-ATTR",
                "I-ATTR",
                "O"
            ],
            "intent_confidences": {
                "Compare": 0.995140589998804,
                "List": 0.00019638525083874345,
                "Query": 0.0034411925630149533,
                "Rule": 0.0012218321873422675
            }
        },
        {
            "text": "如果一个单位 A 有6 寸深入打击能力,另一个单位 B 有 12 寸内禁止深入打击能力,那么单位 A 在使用深入打击能力的时候,最多可以进入到单位 B 的多少寸内?",
            "true_intent": "Rule",
            "pred_intent": "Rule",
            "true_slots": [
                "O",
                "O",
                "B-UNIT",
                "I-UNIT",
                "B-HAVE",
                "B-NUMBER",
                "I-NUMBER",
                "B-SKILL",
                "B-SKILL_TYPE",
                "O",
                "O",
                "O",
                "B-UNIT",
                "I-UNIT",
                "B-HAVE",
                "B-NUMBER",
                "I-NUMBER",
                "O",
                "B-BOOL",
                "B-SKILL",
                "B-SKILL_TYPE",
                "O",
                "O",
                "B-UNIT",
                "I-UNIT",
                "O",
                "B-ACTION",
                "B-SKILL",
                "B-SKILL_TYPE",
                "O",
                "B-CONDITION",
                "O",
                "O",
                "B-BOOL",
                "O",
                "O",
                "B-UNIT",
                "I-UNIT",
                "O",
                "B-NUMBER",
                "O",
                "O",
                "O"
            ],
            "pred_slots": [
                "O",
                "O",
                "O",
                "O",
                "O",
                "O",
                "B-HAVE",
                "O",
                "O",
                "O",
                "O",
                "O",
                "O",
                "O",
                "B-UNIT_TYPE",
                "I-UNIT_TYPE",
                "O",
                "O",
                "O",
                "O",
                "O",
                "O",
                "O",
                "O",
                "O",
                "O",
                "O",
                "O",
                "O",
                "O",
                "O",
                "O",
                "O",
                "O",
                "O",
                "O",
                "O",
                "O",
                "O",
                "B-BOOL",
                "O",
                "O",
                "O"
            ],
            "intent_confidences": {
                "Compare": 4.437200076322025e-06,
                "List": 5.5794887899505253e-08,
                "Query": 8.459390591223708e-07,
                "Rule": 0.9999946610659768
            }
        },
        {
            "text": "在阿巴顿可以领导的单位里,哪个单位有最高的 W 值",
            "true_intent": "Compare",
            "pred_intent": "Compare",
            "true_slots": [
                "O",
                "B-UNIT",
                "B-BOOL",
                "B-ACTION",
                "O",
                "B-UNIT",
                "O",
                "O",
                "B-WHICH",
                "B-UNIT",
                "B-HAVE",
                "B-COMPARE",
                "O",
                "B-ATTR",
                "I-ATTR"
            ],
            "pred_slots": [
                "O",
                "O",
                "B-BOOL",
                "O",
                "O",
                "O",
                "O",
                "O",
                "B-WHICH",
                "B-UNIT_TYPE",
                "B-HAVE",
                "B-COMPARE",
                "O",
                "O",
                "O"
            ],
            "intent_confidences": {
                "Compare": 0.9944871543868186,
                "List": 0.00017919775853503662,
                "Query": 0.0022849694437633104,
                "Rule": 0.0030486784108829414
            }
        },
        {
            "text": "除了火龙战士以外,艾达灵族还有哪些单位可以装备火龙热熔枪",
            "true_intent": "List",
            "pred_intent": "List",
            "true_slots": [
                "B-NEGATIVE",
                "B-UNIT",
                "O",
                "O",
                "B-FACTION",
                "B-HAVE",
                "B-HOWMANY",
                "B-UNIT",
                "B-BOOL",
                "B-ACTION",
                "B-WEAPON"
            ],
            "pred_slots": [
                "O",
                "O",
                "O",
                "O",
                "B-FACTION",
                "B-HAVE",
                "B-HOWMANY",
                "B-UNIT",
                "B-BOOL",
                "B-ACTION",
                "I-ACTION"
            ],
            "intent_confidences": {
                "Compare": 4.2470441022799936e-05,
                "List": 0.9954182299912021,
                "Query": 0.001408027171495016,
                "Rule": 0.003131272396280306
            }
        },
        {
            "text": "我想知道独角的一次性能力是什么?",
            "true_intent": "Query",
            "pred_intent": "Query",
            "true_slots": [
                "O",
                "O",
                "O",
                "B-UNIT",
                "O",
                "B-SKILL",
                "I-SKILL",
                "O",
                "B-RESULT",
                "O"
            ],
            "pred_slots": [
                "B-UNIT",
                "I-UNIT",
                "I-UNIT",
                "I-UNIT",
                "O",
                "O",
                "B-ACTION",
                "I-ACTION",
                "B-HOWMANY",
                "O"
            ],
            "intent_confidences": {
                "Compare": 0.009774544225693802,
                "List": 0.003673292515292308,
                "Query": 0.7766322731196185,
                "Rule": 0.2099198901393954
            }
        },
        {
            "text": "你能告诉我在千子军团里,哪些单位拥有斥候技能吗?",
            "true_intent": "List",
            "pred_intent": "List",
            "true_slots": [
                "O",
                "O",
                "O",
                "O",
                "O",
                "B-FACTION",
                "I-FACTION",
                "O",
                "O",
                "B-HOWMANY",
                "B-UNIT",
                "B-HAVE",
                "B-SKILL",
                "B-SKILL_TYPE",
                "O",
                "O"
            ],
            "pred_slots": [
                "O",
                "O",
                "O",
                "O",
                "O",
                "O",
                "O",
                "O",
                "O",
                "B-HOWMANY",
                "B-UNIT",
                "B-HAVE",
                "O",
                "B-SKILL_TYPE",
                "O",
                "O"
            ],
            "intent_confidences": {
                "Compare": 0.002834561993546692,
                "List": 0.9663382635963146,
                "Query": 0.019512047024314815,
                "Rule": 0.011315127385823708
            }
        },
        {
            "text": "我有一个问题,如果一个单位有先攻关键字,那么在对方的冲锋阶段,另一个单位对他发起了冲锋,在接下来的近战阶段,谁先出手进行近战",
            "true_intent": "Rule",
            "pred_intent": "Rule",
            "true_slots": [
                "O",
                "O",
                "O",
                "O",
                "O",
                "O",
                "O",
                "B-UNIT",
                "B-HAVE",
                "B-SKILL",
                "B-SKILL_TYPE",
                "O",
                "O",
                "B-WHEN",
                "O",
                "O",
                "B-PHASE",
                "O",
                "O",
                "B-UNIT",
                "O",
                "O",
                "O",
                "O",
                "B-ACTION",
                "O",
                "B-WHEN",
                "O",
                "O",
                "B-PHASE",
                "O",
                "O",
                "O",
                "O",
                "B-ACTION",
                "I-ACTION"
            ],
            "pred_slots": [
                "O",
                "O",
                "O",
                "O",
                "O",
                "O",
                "O",
                "O",
                "B-HAVE",
                "O",
                "O",
                "O",
                "O",
                "O",
                "O",
                "O",
                "O",
                "O",
                "O",
                "B-UNIT_TYPE",
                "O",
                "O",
                "O",
                "O",
                "O",
                "O",
                "O",
                "O",
                "O",
                "O",
                "O",
                "B-ACTION",
                "I-ACTION",
                "I-ACTION",
                "I-ACTION",
                "I-ACTION"
            ],
            "intent_confidences": {
                "Compare": 1.6102545110338706e-05,
                "List": 1.16781523415976e-05,
                "Query": 0.0002589672497041597,
                "Rule": 0.9997132520528439
            }
        },
        {
            "text": "快告诉我星际战士有多少种载具单位",
            "true_intent": "List",
            "pred_intent": "List",
            "true_slots": [
                "O",
                "O",
                "O",
                "B-FACTION",
                "B-HAVE",
                "B-HOWMANY",
                "O",
                "B-UNIT_KWS",
                "B-UNIT"
            ],
            "pred_slots": [
                "O",
                "O",
                "O",
                "O",
                "B-HAVE",
                "B-HOWMANY",
                "B-UNIT_KWS",
                "I-UNIT_KWS",
                "B-UNIT_TYPE"
            ],
            "intent_confidences": {
                "Compare": 0.0006412339108613419,
                "List": 0.9955562740626609,
                "Query": 0.0028004505543585685,
                "Rule": 0.0010020414721191888
            }
        },
        {
            "text": "我就想知道圣血天使的圣血卫队可以装备哪些近战武器",
            "true_intent": "List",
            "pred_intent": "List",
            "true_slots": [
                "O",
                "O",
                "O",
                "O",
                "B-FACTION",
                "O",
                "B-UNIT",
                "B-BOOL",
                "B-ACTION",
                "B-HOWMANY",
                "B-WEAPON_KWS",
                "B-WEAPON"
            ],
            "pred_slots": [
                "O",
                "O",
                "O",
                "O",
                "O",
                "O",
                "O",
                "B-BOOL",
                "B-ACTION",
                "B-HOWMANY",
                "B-UNIT",
                "B-WEAPON"
            ],
            "intent_confidences": {
                "Compare": 0.0017885851670064773,
                "List": 0.9487119588376376,
                "Query": 0.03457155653729124,
                "Rule": 0.014927899458064681
            }
        },
        {
            "text": "太空野狼的狼骑兵的 T 值和斯卡布兰德的武器 S 值,哪个更高?",
            "true_intent": "Compare",
            "pred_intent": "Compare",
            "true_slots": [
                "B-FACTION",
                "O",
                "B-UNIT",
                "O",
                "B-ATTR",
                "I-ATTR",
                "O",
                "B-UNIT",
                "O",
                "B-WEAPON",
                "B-ATTR",
                "I-ATTR",
                "O",
                "B-WHICH",
                "B-COMPARE",
                "I-COMPARE",
                "O"
            ],
            "pred_slots": [
                "B-UNIT",
                "O",
                "O",
                "O",
                "O",
                "O",
                "O",
                "B-COMPARE_WITH",
                "O",
                "O",
                "B-WEAPON",
                "I-WEAPON",
                "O",
                "B-ATTR",
                "I-ATTR",
                "O",
                "O"
            ],
            "intent_confidences": {
                "Compare": 0.9958193120421387,
                "List": 0.0008415840636128335,
                "Query": 0.0019278491292890857,
                "Rule": 0.0014112547649590974
            }
        },
        {
            "text": "什么是手雷技能?",
            "true_intent": "Query",
            "pred_intent": "Query",
            "true_slots": [
                "B-WHAT",
                "O",
                "B-SKILL",
                "B-SKILL_TYPE",
                "O"
            ],
            "pred_slots": [
                "B-CONDITION",
                "I-CONDITION",
                "I-CONDITION",
                "B-SKILL_TYPE",
                "O"
            ],
            "intent_confidences": {
                "Compare": 0.012757872395842692,
                "List": 0.00872954236987612,
                "Query": 0.9252059007926725,
                "Rule": 0.05330668444160875
            }
        },
        {
            "text": "什么样的单位可以使用手雷技能?",
            "true_intent": "Query",
            "pred_intent": "Rule",
            "true_slots": [
                "B-WHAT",
                "O",
                "B-UNIT",
                "B-BOOL",
                "B-ACTION",
                "B-SKILL",
                "B-SKILL_TYPE",
                "O"
            ],
            "pred_slots": [
                "B-UNIT",
                "O",
                "B-UNIT_TYPE",
                "B-BOOL",
                "B-ACTION",
                "O",
                "B-SKILL_TYPE",
                "O"
            ],
            "intent_confidences": {
                "Compare": 0.008423397042980174,
                "List": 0.05061494604495814,
                "Query": 0.46496891946258817,
                "Rule": 0.47599273744947346
            }
        },
        {
            "text": "哪些单位可以进行斥候移动?",
            "true_intent": "Query",
            "pred_intent": "List",
            "true_slots": [
                "B-WHAT",
                "B-UNIT",
                "B-BOOL",
                "B-ACTION",
                "B-SKILL",
                "B-ACTION",
                "O"
            ],
            "pred_slots": [
                "B-HOWMANY",
                "B-UNIT",
                "B-BOOL",
                "B-CONDITION",
                "I-CONDITION",
                "B-ACTION",
                "O"
            ],
            "intent_confidences": {
                "Compare": 0.0014708816882725417,
                "List": 0.8260553390382839,
                "Query": 0.15297019861148645,
                "Rule": 0.01950358066195731
            }
        },
        {
            "text": "吞世者军团里哪些单位可以进行斥候移动",
            "true_intent": "List",
            "pred_intent": "List",
            "true_slots": [
                "B-FACTION",
                "I-FACTION",
                "O",
                "B-HOWMANY",
                "B-UNIT",
                "B-BOOL",
                "B-ACTION",
                "B-SKILL",
                "B-ACTION",
                "O"
            ],
            "pred_slots": [
                "O",
                "O",
                "O",
                "B-HOWMANY",
                "B-UNIT",
                "B-BOOL",
                "B-CONDITION",
                "I-CONDITION",
                "B-ACTION",
                "O"
            ],
            "intent_confidences": {
                "Compare": 0.00032348237631720644,
                "List": 0.8509133033539383,
                "Query": 0.1378422005237911,
                "Rule": 0.010921013745953351
            }
        },
        {
            "text": "请你告诉我大炮长鸣能力是什么?",
            "true_intent": "Query",
            "pred_intent": "Query",
            "true_slots": [
                "O",
                "O",
                "O",
                "O",
                "B-SKILL",
                "B-SKILL_TYPE",
                "B-RESULT",
                "I-RESULT",
                "O"
            ],
            "pred_slots": [
                "O",
                "O",
                "O",
                "O",
                "O",
                "B-ACTION",
                "I-ACTION",
                "B-HOWMANY",
                "O"
            ],
            "intent_confidences": {
                "Compare": 0.013574241775239181,
                "List": 0.0013775235890929106,
                "Query": 0.9571250763405966,
                "Rule": 0.027923158295071495
            }
        },
        {
            "text": "在指挥阶段中,什么样的单位需要过战斗震慑",
            "true_intent": "Query",
            "pred_intent": "Rule",
            "true_slots": [
                "B-WHEN",
                "B-PHASE",
                "B-CONDITION",
                "O",
                "B-WHAT",
                "O",
                "B-UNIT",
                "O",
                "B-ACTION",
                "I-ACTION"
            ],
            "pred_slots": [
                "B-WHEN",
                "B-PHASE",
                "O",
                "O",
                "B-CONDITION",
                "O",
                "B-UNIT_TYPE",
                "O",
                "B-ACTION",
                "I-ACTION"
            ],
            "intent_confidences": {
                "Compare": 0.0038959068890336416,
                "List": 0.01453589646691419,
                "Query": 0.4426725855029678,
                "Rule": 0.5388956111410844
            }
        },
        {
            "text": "在我的移动阶段中,如果我的一个单位在之前的战斗震慑测试中失败了,这个单位当前正处于近战阶段中,那么当我让这个单位撤退时,我需要做什么操作?",
            "true_intent": "Rule",
            "pred_intent": "Rule",
            "true_slots": [
                "B-WHEN",
                "O",
                "B-PHASE",
                "B-CONDITION",
                "O",
                "O",
                "O",
                "O",
                "B-UNIT",
                "B-WHEN",
                "O",
                "O",
                "B-TERM",
                "I-TERM",
                "O",
                "O",
                "O",
                "O",
                "O",
                "B-UNIT",
                "O",
                "O",
                "B-ACTION",
                "B-TERM",
                "I-TERM",
                "O",
                "O",
                "B-WHEN",
                "O",
                "O",
                "O",
                "B-UNIT",
                "B-ACTION",
                "B-CONDITION",
                "O",
                "O",
                "O",
                "O",
                "B-WHAT",
                "B-ACTION",
                "O"
            ],
            "pred_slots": [
                "O",
                "O",
                "O",
                "O",
                "O",
                "O",
                "O",
                "O",
                "O",
                "O",
                "O",
                "O",
                "O",
                "O",
                "O",
                "O",
                "O",
                "O",
                "O",
                "O",
                "O",
                "O",
                "O",
                "O",
                "O",
                "O",
                "O",
                "O",
                "O",
                "O",
                "O",
                "B-UNIT_TYPE",
                "O",
                "O",
                "O",
                "O",
                "O",
                "B-ACTION",
                "I-ACTION",
                "I-ACTION",
                "O"
            ],
            "intent_confidences": {
                "Compare": 1.3639195987280012e-06,
                "List": 3.452664308459219e-08,
                "Query": 3.3176180401009316e-06,
                "Rule": 0.999995283935718
            }
        },
        {
            "text": "猎鹰坦克的”火力支援”能力是怎么写的?",
            "true_intent": "Query",
            "pred_intent": "Query",
            "true_slots": [
                "B-RESULT",
                "O",
                "O",
                "B-SKILL",
                "O",
                "B-SKILL_TYPE",
                "B-BOOL",
                "B-RESULT",
                "I-RESULT",
                "I-RESULT",
                "O"
            ],
            "pred_slots": [
                "B-UNIT",
                "O",
                "O",
                "O",
                "O",
                "B-RESULT",
                "I-RESULT",
                "I-RESULT",
                "I-RESULT",
                "O",
                "O"
            ],
            "intent_confidences": {
                "Compare": 0.04090938099000551,
                "List": 0.018705399318708234,
                "Query": 0.8432191529365177,
                "Rule": 0.0971660667547685
            }
        },
        {
            "text": "设想这样一个场景,一个单位用 S3 的武器射击一个另一个 T6 的单位, 前一个单位需要投掷出哪些造伤骰子才能被视为成功造伤?",
            "true_intent": "Rule",
            "pred_intent": "Rule",
            "true_slots": [
                "B-UNIT",
                "O",
                "O",
                "B-SKILL",
                "O",
                "B-SKILL_TYPE",
                "B-RESULT",
                "I-RESULT",
                "O"
            ],
            "pred_slots": [
                "O",
                "O",
                "O",
                "O",
                "O",
                "O",
                "O",
                "O",
                "O"
            ],
            "intent_confidences": {
                "Compare": 2.1511580522531482e-06,
                "List": 2.843797856303774e-05,
                "Query": 2.0293126628461704e-05,
                "Rule": 0.9999491177367563
            }
        },
        {
            "text": "你有没有想过, 死神导弹发射器的射程和波蛇飞艇的双联光矛的射程,哪个更远",
            "true_intent": "Compare",
            "pred_intent": "Compare",
            "true_slots": [
                "O",
                "O",
                "O",
                "O",
                "O",
                "O",
                "B-UNIT",
                "B-ACTION",
                "B-ATTR",
                "B-NUMBER",
                "O",
                "B-WEAPON",
                "B-ACTION",
                "O",
                "B-ATTR",
                "B-NUMBER",
                "O",
                "B-UNIT",
                "O",
                "O",
                "O",
                "B-UNIT",
                "O",
                "B-ACTION",
                "O",
                "B-HOWMANY",
                "B-TERM",
                "B-BOOL",
                "B-PASSIVE",
                "B-ACTION",
                "I-ACTION",
                "I-ACTION",
                "O"
            ],
            "pred_slots": [
                "O",
                "B-HAVE",
                "O",
                "O",
                "O",
                "O",
                "O",
                "B-WEAPON",
                "I-WEAPON",
                "O",
                "O",
                "B-COMPARE_WITH",
                "B-UNIT",
                "I-UNIT",
                "O",
                "O",
                "O",
                "O",
                "B-ATTR",
                "I-ATTR",
                "B-WHICH",
                "B-COMPARE",
                "I-COMPARE",
                "O",
                "O",
                "O",
                "O",
                "O",
                "O",
                "O",
                "O",
                "O",
                "O"
            ],
            "intent_confidences": {
                "Compare": 0.9020852314834672,
                "List": 0.002491403786843418,
                "Query": 0.0026045161581726662,
                "Rule": 0.09281884857151666
            }
        },
        {
            "text": "我想知道,如果我的军队里有一个单位拥有一次性射击武器,并且他此时位于一个有”开火口 2”的载具内,在我的射击阶段里,我使用这个载具的开火口发射了一次性武器. 那么下个回合这个单位从车里下车之后,还能使用一次性射击武器进行射击吗?",
            "true_intent": "Rule",
            "pred_intent": "Rule",
            "true_slots": [
                "O",
                "O",
                "O",
                "O",
                "O",
                "B-WEAPON",
                "I-WEAPON",
                "I-WEAPON",
                "O",
                "B-ATTR",
                "O",
                "B-UNIT",
                "O",
                "B-WEAPON",
                "O",
                "B-ATTR",
                "O",
                "B-WHICH",
                "B-COMPARE",
                "O"
            ],
            "pred_slots": [
                "O",
                "O",
                "O",
                "O",
                "O",
                "O",
                "O",
                "O",
                "O",
                "B-UNIT_TYPE",
                "O",
                "B-HAVE",
                "O",
                "O",
                "O",
                "O",
                "O",
                "O",
                "O",
                "O"
            ],
            "intent_confidences": {
                "Compare": 2.7163809440233587e-09,
                "List": 9.396670492294128e-11,
                "Query": 6.357459188009858e-10,
                "Rule": 0.9999999965539064
            }
        },
        {
            "text": "巴哈罗斯带领了一队翔鹰, 在我的近战阶段结束时他处于近战范围内,此时我还能让巴哈罗斯回到预备队吗?",
            "true_intent": "Rule",
            "pred_intent": "Rule",
            "true_slots": [
                "O",
                "O",
                "O",
                "O",
                "O",
                "O",
                "O",
                "O",
                "O",
                "B-HAVE",
                "O",
                "B-UNIT",
                "B-HAVE",
                "B-WEAPON_KWS",
                "B-WEAPON",
                "O",
                "O",
                "O",
                "O",
                "O",
                "O",
                "B-HAVE",
                "O",
                "B-TERM",
                "I-TERM",
                "O",
                "O",
                "B-UNIT",
                "O",
                "O",
                "B-WHEN",
                "O",
                "O",
                "B-PHASE",
                "B-CONDITION",
                "O",
                "O",
                "B-ACTION",
                "O",
                "B-UNIT",
                "O",
                "O",
                "B-ACTION",
                "O",
                "B-WEAPON_KWS",
                "B-WEAPON",
                "O",
                "O",
                "O",
                "O",
                "O",
                "B-UNIT",
                "O",
                "O",
                "B-ACTION",
                "B-CONDITION",
                "O",
                "B-BOOL",
                "B-ACTION",
                "B-WEAPON_KWS",
                "B-WEAPON",
                "B-ACTION",
                "I-ACTION",
                "I-ACTION",
                "O"
            ],
            "pred_slots": [
                "O",
                "O",
                "O",
                "O",
                "O",
                "O",
                "O",
                "O",
                "O",
                "O",
                "O",
                "O",
                "O",
                "B-CONDITION",
                "I-CONDITION",
                "O",
                "O",
                "O",
                "O",
                "O",
                "O",
                "B-BOOL",
                "B-ACTION",
                "I-ACTION",
                "I-ACTION",
                "I-ACTION",
                "I-ACTION",
                "I-ACTION",
                "I-ACTION",
                "O",
                "O",
                "O",
                "O",
                "O",
                "O",
                "O",
                "O",
                "O",
                "O",
                "O",
                "O",
                "O",
                "O",
                "O",
                "O",
                "O",
                "O",
                "O",
                "O",
                "O",
                "O",
                "O",
                "O",
                "O",
                "O",
                "O",
                "O",
                "O",
                "O",
                "O",
                "O",
                "O",
                "O",
                "O",
                "O"
            ],
            "intent_confidences": {
                "Compare": 0.0014926315162426065,
                "List": 0.0004241756207553161,
                "Query": 0.03169836244325704,
                "Rule": 0.966384830419745
            }
        },
        {
            "text": "当福甘带领一队火龙战士, 在移动阶段他通过加速移动到对方载具的 8寸内 6 寸外,在接下来的射击阶段里,这个单位中火龙战士装备的火龙热熔枪能享受到melta3的加成吗?",
            "true_intent": "Rule",
            "pred_intent": "Rule",
            "true_slots": [
                "B-UNIT",
                "B-ACTION",
                "O",
                "B-NUMBER",
                "B-UNIT",
                "O",
                "B-WHEN",
                "O",
                "B-PHASE",
                "B-CONDITION",
                "I-CONDITION",
                "O",
                "O",
                "B-TERM",
                "I-TERM",
                "I-TERM",
                "O",
                "O",
                "O",
                "B-BOOL",
                "O",
                "B-UNIT",
                "B-ACTION",
                "I-ACTION",
                "O",
                "O"
            ],
            "pred_slots": [
                "O",
                "O",
                "O",
                "O",
                "O",
                "O",
                "O",
                "B-WHEN",
                "O",
                "O",
                "O",
                "O",
                "O",
                "O",
                "O",
                "O",
                "O",
                "O",
                "O",
                "O",
                "O",
                "O",
                "O",
                "O",
                "O",
                "O"
            ],
            "intent_confidences": {
                "Compare": 1.24687119025708e-07,
                "List": 5.238862082537934e-07,
                "Query": 5.6072923086760874e-06,
                "Rule": 0.9999937441343641
            }
        },
        {
            "text": "我的一个单位有斥候能力,那么他在游戏开始进行斥候移动的时候,有什么限制吗?",
            "true_intent": "Rule",
            "pred_intent": "Rule",
            "true_slots": [
                "B-UNIT",
                "B-ACTION",
                "O",
                "B-UNIT",
                "O",
                "B-WHEN",
                "B-PHASE",
                "O",
                "O",
                "B-ACTION",
                "I-ACTION",
                "O",
                "O",
                "B-UNIT",
                "O",
                "O",
                "O",
                "O",
                "O",
                "O",
                "B-WHEN",
                "O",
                "O",
                "B-PHASE",
                "B-CONDITION",
                "O",
                "O",
                "B-UNIT_TYPE",
                "O",
                "B-UNIT",
                "B-ACTION",
                "O",
                "B-WEAPON",
                "B-BOOL",
                "B-ACTION",
                "O",
                "B-TERM",
                "I-TERM",
                "O",
                "B-TERM",
                "O",
                "O"
            ],
            "pred_slots": [
                "O",
                "O",
                "B-UNIT_TYPE",
                "O",
                "O",
                "O",
                "O",
                "O",
                "O",
                "O",
                "O",
                "O",
                "B-ACTION",
                "O",
                "O",
                "B-HAVE",
                "O",
                "O",
                "O",
                "O",
                "O",
                "O",
                "O",
                "O",
                "O",
                "O",
                "O",
                "O",
                "O",
                "O",
                "O",
                "O",
                "O",
                "O",
                "O",
                "O",
                "O",
                "O",
                "O",
                "O",
                "O",
                "O"
            ],
            "intent_confidences": {
                "Compare": 0.00033527634545564024,
                "List": 4.830008526047466e-05,
                "Query": 0.044650543872440905,
                "Rule": 0.954965879696843
            }
        },
        {
            "text": "我想知道,当我的一个飞行器单位在执行移动的时候,是先调整方向,再移动?还是先移动后调整方向?",
            "true_intent": "Rule",
            "pred_intent": "Rule",
            "true_slots": [
                "O",
                "O",
                "O",
                "B-UNIT",
                "B-HAVE",
                "B-SKILL",
                "B-SKILL_TYPE",
                "O",
                "O",
                "O",
                "B-WHEN",
                "B-PHASE",
                "B-ACTION",
                "I-ACTION",
                "I-ACTION",
                "O",
                "B-CONDITION",
                "O",
                "B-HAVE",
                "B-RESULT",
                "I-RESULT",
                "O",
                "O"
            ],
            "pred_slots": [
                "O",
                "O",
                "O",
                "B-WHEN",
                "O",
                "O",
                "O",
                "O",
                "B-UNIT_TYPE",
                "I-UNIT_TYPE",
                "O",
                "O",
                "O",
                "O",
                "O",
                "O",
                "O",
                "O",
                "O",
                "O",
                "O",
                "O",
                "O"
            ],
            "intent_confidences": {
                "Compare": 0.000648112891921274,
                "List": 0.00010298141337556998,
                "Query": 0.0009505027918971301,
                "Rule": 0.998298402902806
            }
        },
        {
            "text": "帮我查一下数据表, 看一下虚空鸦轰炸机的 T 值和劫掠者飞艇的 T 值哪个更高",
            "true_intent": "Compare",
            "pred_intent": "Compare",
            "true_slots": [
                "O",
                "O",
                "O",
                "O",
                "O",
                "O",
                "O",
                "O",
                "B-UNIT",
                "I-UNIT",
                "O",
                "B-ATTR",
                "I-ATTR",
                "O",
                "B-UNIT",
                "I-UNIT",
                "O",
                "B-ATTR",
                "I-ATTR",
                "B-WHICH",
                "B-COMPARE",
                "O"
            ],
            "pred_slots": [
                "O",
                "O",
                "O",
                "O",
                "O",
                "O",
                "O",
                "O",
                "O",
                "O",
                "O",
                "O",
                "O",
                "O",
                "B-COMPARE_WITH",
                "B-UNIT",
                "I-UNIT",
                "I-UNIT",
                "I-UNIT",
                "O",
                "B-ATTR",
                "I-ATTR"
            ],
            "intent_confidences": {
                "Compare": 0.9912161700915388,
                "List": 0.00013543473943502534,
                "Query": 0.00025609433264623484,
                "Rule": 0.008392300836380007
            }
        },
        {
            "text": "在帝子的codex里,哪种步兵拥有最高的 M 值",
            "true_intent": "Compare",
            "pred_intent": "Compare",
            "true_slots": [
                "O",
                "B-FACTION",
                "O",
                "B-TERM",
                "O",
                "O",
                "B-WHICH",
                "B-UNIT_KWS",
                "B-HAVE",
                "B-COMPARE",
                "I-COMPARE",
                "O",
                "B-ATTR",
                "I-ATTR",
                "O"
            ],
            "pred_slots": [
                "O",
                "O",
                "O",
                "O",
                "O",
                "O",
                "B-WHICH",
                "O",
                "B-HAVE",
                "B-COMPARE",
                "I-COMPARE",
                "O",
                "O",
                "O",
                "O"
            ],
            "intent_confidences": {
                "Compare": 0.6526450325787763,
                "List": 0.0379766688461263,
                "Query": 0.3024372484533347,
                "Rule": 0.0069410501217626215
            }
        },
        {
            "text": "我想知道在黑暗天使的codex里, 死翼骑士的武器 S 值都是多少?",
            "true_intent": "List",
            "pred_intent": "Rule",
            "true_slots": [
                "O",
                "O",
                "O",
                "O",
                "B-FACTION",
                "O",
                "B-TERM",
                "O",
                "O",
                "B-UNIT",
                "O",
                "B-WEAPON",
                "B-ATTR",
                "I-ATTR",
                "O",
                "B-RESULT",
                "I-RESULT",
                "O"
            ],
            "pred_slots": [
                "O",
                "O",
                "O",
                "O",
                "O",
                "O",
                "O",
                "O",
                "O",
                "O",
                "O",
                "B-WEAPON",
                "I-WEAPON",
                "O",
                "B-ATTR",
                "I-ATTR",
                "I-ATTR",
                "O"
            ],
            "intent_confidences": {
                "Compare": 0.06921926944772198,
                "List": 0.32315879448795004,
                "Query": 0.25357554803355176,
                "Rule": 0.3540463880307762
            }
        },
        {
            "text": "我想问一个问题,在千子军团里,哪些单位可以使用手雷技能?",
            "true_intent": "List",
            "pred_intent": "Rule",
            "true_slots": [
                "O",
                "O",
                "O",
                "O",
                "O",
                "O",
                "O",
                "B-FACTION",
                "O",
                "O",
                "B-HOWMANY",
                "B-UNIT",
                "B-BOOL",
                "B-ACTION",
                "B-SKILL",
                "B-SKILL_TYPE",
                "O"
            ],
            "pred_slots": [
                "O",
                "O",
                "O",
                "O",
                "O",
                "O",
                "B-WHEN",
                "O",
                "O",
                "O",
                "B-HOWMANY",
                "B-UNIT",
                "B-BOOL",
                "B-ACTION",
                "I-ACTION",
                "B-SKILL_TYPE",
                "O"
            ],
            "intent_confidences": {
                "Compare": 0.006100257901847085,
                "List": 0.4311871689863693,
                "Query": 0.011316621834108113,
                "Rule": 0.5513959512776757
            }
        },
        {
            "text": "回答我一个问题,在死亡守卫里,哪些单位有渗透关键字?",
            "true_intent": "List",
            "pred_intent": "List",
            "true_slots": [
                "O",
                "O",
                "O",
                "O",
                "O",
                "O",
                "B-FACTION",
                "O",
                "O",
                "B-HOWMANY",
                "B-UNIT",
                "B-HAVE",
                "B-SKILL",
                "B-SKILL_TYPE",
                "O"
            ],
            "pred_slots": [
                "O",
                "O",
                "O",
                "O",
                "O",
                "B-WHEN",
                "B-FACTION",
                "O",
                "O",
                "B-HOWMANY",
                "B-UNIT",
                "B-HAVE",
                "B-RESULT",
                "I-RESULT",
                "O"
            ],
            "intent_confidences": {
                "Compare": 0.0004579845962045509,
                "List": 0.9797552724924404,
                "Query": 0.008735152052751702,
                "Rule": 0.011051590858603445
            }
        },
        {
            "text": "问题:当死亡寿衣终结者部署在场上的时候,他最近可以部署到对方单位多少寸的距离?",
            "true_intent": "Rule",
            "pred_intent": "Rule",
            "true_slots": [
                "O",
                "O",
                "B-WHEN",
                "B-UNIT",
                "I-UNIT",
                "B-ACTION",
                "O",
                "O",
                "O",
                "B-CONDITION",
                "O",
                "O",
                "O",
                "B-BOOL",
                "B-ACTION",
                "O",
                "B-UNIT",
                "I-UNIT",
                "B-NUMBER",
                "I-NUMBER",
                "O",
                "O",
                "O"
            ],
            "pred_slots": [
                "O",
                "O",
                "B-WHEN",
                "O",
                "O",
                "O",
                "O",
                "O",
                "O",
                "O",
                "O",
                "O",
                "O",
                "B-BOOL",
                "O",
                "O",
                "O",
                "B-UNIT_TYPE",
                "B-THRESHOLD",
                "I-THRESHOLD",
                "O",
                "O",
                "O"
            ],
            "intent_confidences": {
                "Compare": 0.035193616236617445,
                "List": 0.00603809497451471,
                "Query": 0.03502515068616992,
                "Rule": 0.9237431381026979
            }
        }
    ]
}